accession,contig,category,start,end,length,identity,coverage,source,score,status,gc_delta
GCA_000018785.1,CP000896.1,Vector,2002,3035,1496992,0.9970986460348162,0.0006907184540732348,gnl|uv|AF310136.1:497-2034,-2,vector_match_needs_review,0.0
GCA_000023165.1,CP001621.1,Foreign,1082258,1088531,1089202,0.9994017349685911,0.0030692194836219543,GCF_000005845.2|Escherichia_coli|NC_000913.3,-2,HGT_or_construct_candidate,0.0
GCA_000023165.1,CP001621.1,Vector,1082258,1088531,1089202,0.9988034699371822,0.0030692194836219543,gnl|uv|J01636.1:1-7477,-2,vector_match_needs_review,0.0
GCA_000023685.1,CP001668.1,Foreign,31569,34624,1084586,0.9993455497382199,0.002817664989221694,GCF_000005845.2|Escherichia_coli|NC_000913.3,-2,HGT_or_construct_candidate,0.0
GCA_000023685.1,CP001668.1,Vector,31569,34624,1084586,0.9986910994764397,0.002817664989221694,gnl|uv|J01636.1:1-7477,-2,vector_match_needs_review,0.0
GCA_000428705.1,AUAL01000001.1,Vector,2749,3465,193864,0.9748953974895398,0.0036984690298353484,gnl|uv|GU593054.1:6136-8806,-3,vector_match_needs_review,0.01168493035578183
GCA_001267815.1,CP012387.1,Foreign,31569,34624,1085764,0.9993455497382199,0.002814607962688024,GCF_000005845.2|Escherichia_coli|NC_000913.3,-2,HGT_or_construct_candidate,0.0
GCA_001267815.1,CP012387.1,Vector,31569,34624,1085764,0.9986910994764397,0.002814607962688024,gnl|uv|J01636.1:1-7477,-2,vector_match_needs_review,0.0
GCA_001886855.1,CP013197.1,Vector,953039,953360,1599709,0.9968944099378882,0.00020128660900201224,gnl|uv|GU593054.1:6136-8806,-2,vector_match_needs_review,0.0005264001195880996
GCA_003539625.1,DPOU01000014.1,Vector,28,1022,52221,1.0,0.01905363742555677,gnl|uv|U09365.1:1592-3128,1,vector_match_needs_review,0.012459790808841298
GCA_007993715.1,CP042472.1,Vector,1063991,1064312,1709192,0.9968944099378882,0.0001883931120669884,gnl|uv|GU593054.1:6136-8806,-2,vector_match_needs_review,0.0004535953008613647
GCA_010587055.1,CP046368.1,Vector,1092688,1093008,1731112,0.9937888198757764,0.00018542994329656312,gnl|uv|GU593054.1:6136-8806,-2,vector_match_needs_review,0.0004763502537984965
GCA_010587105.1,CP046371.1,Vector,1073449,1073770,1734522,0.9968944099378882,0.00018564192325032489,gnl|uv|GU593054.1:6136-8806,-2,vector_match_needs_review,0.00041884115154627866
GCA_010587175.1,CP047426.1,Vector,944490,944811,1577041,0.9968944099378882,0.00020417985328219113,gnl|uv|GU593054.1:6136-8806,-2,vector_match_needs_review,6.752619406663607e-05
GCA_010587255.1,CP047428.1,Vector,890684,891003,1576550,0.9875389408099688,0.0002029748501474739,gnl|uv|GU593054.1:6136-8806,-2,vector_match_needs_review,0.0008648332166368289
GCA_010587305.1,CP047437.1,Vector,1109025,1109346,1742208,0.9968944099378882,0.00018482293733010065,gnl|uv|GU593054.1:6136-8806,-2,vector_match_needs_review,0.001402343488660196
GCA_013113755.1,CP053304.1,Vector,1042271,1042593,1618536,0.9938080495356038,0.00019956306192756912,gnl|uv|GU593054.1:6136-8806,-2,vector_match_needs_review,0.00040356804564128934
GCA_013389495.1,JACAOE010000004.1,Foreign,1,2885,2885,0.9923769923769924,1.0,GCF_000005845.2|Escherichia_coli|NC_000913.3,4,suspect_contamination,0.2151328634148889
GCA_023566085.1,JAKNSO010000003.1,Vector,1812,2629,4310,0.9987775061124694,0.18979118329466357,gnl|uv|J01749.1:1-4361-49,-1,vector_match_needs_review,0.24418239174453865
GCA_029607425.2,CP096807.1,Vector,952976,953297,1599637,0.9968944099378882,0.00020129566895489415,gnl|uv|GU593054.1:6136-8806,-2,vector_match_needs_review,0.0018004100609689822
GCA_039907745.1,CP142077.1,Vector,331459,333706,1011471,0.9919928825622776,0.0022225056378284698,gnl|uv|GU593054.1:6136-8806,-2,vector_match_needs_review,0.0
GCA_047715995.1,CP163381.1,Vector,905994,908241,1028806,0.9919928825622776,0.002185057241112513,gnl|uv|GU593054.1:6136-8806,-2,vector_match_needs_review,0.0
GCA_054956695.1,CM143262.1,Vector,100695,101546,1465932,0.994131455399061,0.000581200219382618,gnl|uv|U89960.1:4738-7717,-2,vector_match_needs_review,0.0
GCA_900489515.1,LS483500.1,Foreign,31569,34624,1081613,0.9993453355155483,0.0028254098277295113,GCF_000005845.2|Escherichia_coli|NC_000913.3,-2,HGT_or_construct_candidate,8.928144844258523e-05
GCA_900489515.1,LS483500.1,Vector,31569,34624,1081613,0.9986906710310965,0.0028254098277295113,gnl|uv|J01636.1:1-7477,-2,vector_match_needs_review,8.928144844258523e-05
GCA_900489525.1,LS483502.1,Foreign,31569,34624,1081653,0.9993453355155483,0.0028253053428410036,GCF_000005845.2|Escherichia_coli|NC_000913.3,-2,HGT_or_construct_candidate,0.00010700771210414572
GCA_900489525.1,LS483502.1,Vector,31569,34624,1081653,0.9986906710310965,0.0028253053428410036,gnl|uv|J01636.1:1-7477,-2,vector_match_needs_review,0.00010700771210414572
GCA_900489545.1,LS483504.1,Foreign,31569,34624,1082015,0.9993451211525868,0.002824360105913504,GCF_000005845.2|Escherichia_coli|NC_000913.3,-2,HGT_or_construct_candidate,0.00010569891178605073
GCA_900489545.1,LS483504.1,Vector,31569,34624,1082015,0.9986902423051736,0.002824360105913504,gnl|uv|J01636.1:1-7477,-2,vector_match_needs_review,0.00010569891178605073
GCA_900489555.1,LS483503.1,Foreign,27025,30080,977253,0.9993455497382199,0.003127132891891864,GCF_000005845.2|Escherichia_coli|NC_000913.3,-2,HGT_or_construct_candidate,5.270083599007158e-05
GCA_900489555.1,LS483503.1,Vector,27025,30080,977253,0.9986910994764397,0.003127132891891864,gnl|uv|J01636.1:1-7477,-2,vector_match_needs_review,5.270083599007158e-05
GCA_900489565.1,LS483505.1,Foreign,31569,34624,1084991,0.9993455497382199,0.0028166132253631595,GCF_000005845.2|Escherichia_coli|NC_000913.3,-2,HGT_or_construct_candidate,5.5752905497336025e-05
GCA_900489565.1,LS483505.1,Vector,31569,34624,1084991,0.9986910994764397,0.0028166132253631595,gnl|uv|J01636.1:1-7477,-2,vector_match_needs_review,5.5752905497336025e-05
GCA_900489575.1,LS483501.1,Foreign,31569,34624,1084063,0.9993451211525868,0.0028190243555955698,GCF_000005845.2|Escherichia_coli|NC_000913.3,-2,HGT_or_construct_candidate,5.3822426461347384e-05
GCA_900489575.1,LS483501.1,Vector,31569,34624,1084063,0.9986902423051736,0.0028190243555955698,gnl|uv|J01636.1:1-7477,-2,vector_match_needs_review,5.3822426461347384e-05
GCA_900489595.1,LS483510.1,Foreign,31569,34624,1075685,0.9993451211525868,0.0028409803985367465,GCF_000005845.2|Escherichia_coli|NC_000913.3,-2,HGT_or_construct_candidate,9.334257821350112e-05
GCA_900489595.1,LS483510.1,Vector,31569,34624,1075685,0.9986902423051736,0.0028409803985367465,gnl|uv|J01636.1:1-7477,-2,vector_match_needs_review,9.334257821350112e-05
GCA_900489625.1,LS483508.1,Foreign,31569,34624,1069002,0.9993449066491975,0.002858741143608712,GCF_000005845.2|Escherichia_coli|NC_000913.3,-2,HGT_or_construct_candidate,9.945090689697511e-05
GCA_900489625.1,LS483508.1,Vector,31569,34624,1069002,0.998689813298395,0.002858741143608712,gnl|uv|J01636.1:1-7477,-2,vector_match_needs_review,9.945090689697511e-05
GCA_900489655.1,LS483519.1,Foreign,29228,32283,1082927,0.9993453355155483,0.002821981537074983,GCF_000005845.2|Escherichia_coli|NC_000913.3,-2,HGT_or_construct_candidate,9.665426098143248e-05
GCA_900489655.1,LS483519.1,Vector,29228,32283,1082927,0.9986906710310965,0.002821981537074983,gnl|uv|J01636.1:1-7477,-2,vector_match_needs_review,9.665426098143248e-05
GCA_900489665.1,LS483507.1,Foreign,31569,34624,1077420,0.9993455497382199,0.002836405487182343,GCF_000005845.2|Escherichia_coli|NC_000913.3,-2,HGT_or_construct_candidate,7.498203776176715e-05
GCA_900489665.1,LS483507.1,Vector,31569,34624,1077420,0.9986910994764397,0.002836405487182343,gnl|uv|J01636.1:1-7477,-2,vector_match_needs_review,7.498203776176715e-05
GCA_900489675.1,LS483509.1,Foreign,31569,34624,1080782,0.9993455497382199,0.0028275822506296368,GCF_000005845.2|Escherichia_coli|NC_000913.3,-2,HGT_or_construct_candidate,1.814950334011467e-05
GCA_900489675.1,LS483509.1,Vector,31569,34624,1080782,0.9986910994764397,0.0028275822506296368,gnl|uv|J01636.1:1-7477,-2,vector_match_needs_review,1.814950334011467e-05
GCA_900489685.1,LS483506.1,Foreign,31569,34624,1075322,0.9993455497382199,0.0028419394376754128,GCF_000005845.2|Escherichia_coli|NC_000913.3,-2,HGT_or_construct_candidate,7.337285023223394e-06
GCA_900489685.1,LS483506.1,Vector,31569,34624,1075322,0.9986910994764397,0.0028419394376754128,gnl|uv|J01636.1:1-7477,-2,vector_match_needs_review,7.337285023223394e-06
GCA_900489705.1,LS483513.1,Foreign,29354,32409,1083426,0.9993455497382199,0.0028206818001414035,GCF_000005845.2|Escherichia_coli|NC_000913.3,-2,HGT_or_construct_candidate,4.411396383185995e-07
GCA_900489705.1,LS483513.1,Vector,29354,32409,1083426,0.9986910994764397,0.0028206818001414035,gnl|uv|J01636.1:1-7477,-2,vector_match_needs_review,4.411396383185995e-07
GCA_900489715.1,LS483511.1,Foreign,31569,34624,1078494,0.9993455497382199,0.0028335809007745986,GCF_000005845.2|Escherichia_coli|NC_000913.3,-2,HGT_or_construct_candidate,1.4852218961580732e-05
GCA_900489715.1,LS483511.1,Vector,31569,34624,1078494,0.9986910994764397,0.0028335809007745986,gnl|uv|J01636.1:1-7477,-2,vector_match_needs_review,1.4852218961580732e-05
GCA_900489725.1,LS483512.1,Foreign,31569,34624,1085633,0.9993455497382199,0.002814947592786881,GCF_000005845.2|Escherichia_coli|NC_000913.3,-2,HGT_or_construct_candidate,1.4540551706687666e-05
GCA_900489725.1,LS483512.1,Vector,31569,34624,1085633,0.9986910994764397,0.002814947592786881,gnl|uv|J01636.1:1-7477,-2,vector_match_needs_review,1.4540551706687666e-05
GCA_900489765.1,LS483517.1,Foreign,31569,34624,1079265,0.9993455497382199,0.002831556661246311,GCF_000005845.2|Escherichia_coli|NC_000913.3,-2,HGT_or_construct_candidate,1.5510985978406389e-06
GCA_900489765.1,LS483517.1,Vector,31569,34624,1079265,0.9986910994764397,0.002831556661246311,gnl|uv|J01636.1:1-7477,-2,vector_match_needs_review,1.5510985978406389e-06
GCA_900489785.1,LS483518.1,Foreign,31440,34495,1085504,0.9993455497382199,0.002815282117799658,GCF_000005845.2|Escherichia_coli|NC_000913.3,-2,HGT_or_construct_candidate,1.3440729441510646e-05
GCA_900489785.1,LS483518.1,Vector,31440,34495,1085504,0.9986910994764397,0.002815282117799658,gnl|uv|J01636.1:1-7477,-2,vector_match_needs_review,1.3440729441510646e-05
GCA_900489795.1,LS483514.1,Foreign,31436,34491,1085503,0.9993455497382199,0.0028152847113273754,GCF_000005845.2|Escherichia_coli|NC_000913.3,-2,HGT_or_construct_candidate,3.7896848275736916e-05
GCA_900489795.1,LS483514.1,Vector,31436,34491,1085503,0.9986910994764397,0.0028152847113273754,gnl|uv|J01636.1:1-7477,-2,vector_match_needs_review,3.7896848275736916e-05
GCA_900489805.1,LS483516.1,Foreign,25491,25766,1076320,1.0,0.00025642931470194736,GCF_000005845.2|Escherichia_coli|NC_000913.3,-2,HGT_or_construct_candidate,1.1028310903660188e-06
GCA_900489805.1,LS483516.1,Vector,25491,25766,1076320,0.9963768115942029,0.00025642931470194736,gnl|uv|J01636.1:1-7477,-2,vector_match_needs_review,1.1028310903660188e-06
GCA_900489825.1,LS483515.1,Foreign,31569,34624,1085764,0.9993453355155483,0.002814607962688024,GCF_000005845.2|Escherichia_coli|NC_000913.3,-2,HGT_or_construct_candidate,0.00010528892148070623
GCA_900489825.1,LS483515.1,Vector,31569,34624,1085764,0.9986906710310965,0.002814607962688024,gnl|uv|J01636.1:1-7477,-2,vector_match_needs_review,0.00010528892148070623
GCA_900542995.1,UQPR01000065.1,Foreign,9314,9763,9845,0.9933481152993349,0.0457084814626714,GCF_000005845.2|Escherichia_coli|NC_000913.3,1,uncertain,0.015456150748292596
GCA_900542995.1,UQPR01000070.1,Foreign,1,228,8629,1.0,0.026422528682350215,GCF_000005845.2|Escherichia_coli|NC_000913.3,1,uncertain,0.032512257569392244
GCA_900660745.1,LR215048.1,Vector,1371520,1372236,1883099,0.9748953974895398,0.0003807553400007116,gnl|uv|GU593054.1:6136-8806,-3,vector_match_needs_review,0.0
GCA_902480755.1,CABSTY010000007.1,Vector,74,945,46604,1.0,0.018710840271221354,gnl|uv|U09365.1:1592-3128,1,vector_match_needs_review,0.02154608374111716
GCA_937885255.1,CALAAF010000019.1,Foreign,1,16354,16354,1.0,1.0,NC_005089.1|Mus_musculus_mitochondrion|NC_005089.1,3,suspect_contamination,0.01992952176464302
GCA_937924825.1,CALDWU010000062.1,Vector,53101,53930,54702,1.0,0.01517311981280392,gnl|uv|U09365.1:1592-3128,-2,vector_match_needs_review,0.027176050834025633
GCA_945963925.1,CAMFMU010000120.1,Vector,783,1573,2528,0.9949431099873578,0.31289556962025317,gnl|uv|KP057689.1:1-859,-2,vector_match_needs_review,0.051589492558745675
GCA_949083825.1,CARVPV010000123.1,Foreign,1,2163,2163,1.0,1.0,NC_005089.1|Mus_musculus_mitochondrion|NC_005089.1,3,suspect_contamination,0.05727211575324409
GCA_977000445.1,OZ345172.1,Vector,697017,699610,1084591,0.992289899768697,0.002391684976179961,gnl|uv|GU593054.1:6136-8806,-2,vector_match_needs_review,0.0
