assembly,biosample,run,ena_sample,ena_secondary_sample,platform
GCA_000300695.1,SAMN01041250,SRR6384331,SAMN01041250,SRS2764006,ILLUMINA
GCA_000309485.1,SAMN01041251,SRR6384330,SAMN01041251,SRS2764005,ILLUMINA
GCA_000327395.2,SAMN01730980,SRR578718,SAMN01730980,SRS365561,ILLUMINA
GCA_000483165.1,SAMN02441097,SRR1797143,SAMN02441097,SRS842375,ILLUMINA
GCA_000518285.1,SAMN02584998,SRR1801738,SAMN02584998,SRS844579,ILLUMINA
GCA_000518725.1,SAMN02584967,SRR1801748,SAMN02584967,SRS844585,ILLUMINA
GCA_000518825.1,SAMN02584961,SRR1801747,SAMN02584961,SRS844586,ILLUMINA
GCA_000526235.1,SAMN02584924,SRR1797141,SAMN02584924,SRS842374,ILLUMINA
GCA_000526835.1,SAMN02584996,SRR1587376,SAMN02584996,SRS710356,ILLUMINA
GCA_000526855.1,SAMN02584997,SRR1797452,SAMN02584997,SRS842507,ILLUMINA
GCA_000622205.1,SAMN02744030,SRR3314179,SAMN02744030,SRS1368368,ILLUMINA
GCA_000685885.1,SAMN02743375,SRR3496271,SAMN02743375,SRS1432676,ILLUMINA
GCA_000686545.1,SAMN02743351,SRR3496279,SAMN02743351,SRS1432684,ILLUMINA
GCA_000687735.1,SAMN02743882,SRR3493393,SAMN02743882,SRS1430364,ILLUMINA
GCA_000687815.1,SAMN02743892,SRR3493862,SAMN02743892,SRS1430631,ILLUMINA
GCA_000687835.1,SAMN02743893,SRR3493859,SAMN02743893,SRS1430628,ILLUMINA
GCA_000701525.1,SAMN02841185,SRR3495110,SAMN02841185,SRS1431756,ILLUMINA
GCA_000702705.1,SAMN02841157,SRR3493860,SAMN02841157,SRS1430629,ILLUMINA
GCA_000702725.1,SAMN02841188,SRR3493867,SAMN02841188,SRS1430635,ILLUMINA
GCA_000702765.1,SAMN02841174,SRR3493392,SAMN02841174,SRS1430363,ILLUMINA
GCA_000733865.1,SAMN02745656,SRR3493389,SAMN02745656,SRS1430360,ILLUMINA
GCA_000820525.2,SAMN07737451,SRR6350066,SAMN07737451,SRS2736763,PACBIO_SMRT
GCA_000959055.1,SAMN03282439,SRR1757045,SAMN03282439,SRS817984,PACBIO_SMRT
GCA_000959065.1,SAMN03286960,SRR1776953,SAMN03286960,SRS827457,PACBIO_SMRT
GCA_000959065.1,SAMN03286960,SRR1776954,SAMN03286960,SRS827457,ILLUMINA
GCA_001267815.1,SAMN03758384,SRR2048552,SAMN03758384,SRS951376,PACBIO_SMRT
GCA_001307505.2,SAMN04017316,SRR16250960,SAMN04017316,SRS10489852,OXFORD_NANOPORE
GCA_001307505.2,SAMN04017316,SRR16250963,SAMN04017316,SRS10489852,ILLUMINA
GCA_001307505.2,SAMN04017316,SRR16250964,SAMN04017316,SRS10489852,OXFORD_NANOPORE
GCA_001307505.2,SAMN04017316,SRR16250965,SAMN04017316,SRS10489852,OXFORD_NANOPORE
GCA_001307505.2,SAMN04017316,SRR16250970,SAMN04017316,SRS10489852,OXFORD_NANOPORE
GCA_001307505.2,SAMN04017316,SRR16250959,SAMN04017316,SRS10489852,OXFORD_NANOPORE
GCA_001307505.2,SAMN04017316,SRR16250961,SAMN04017316,SRS10489852,OXFORD_NANOPORE
GCA_001307505.2,SAMN04017316,SRR16250968,SAMN04017316,SRS10489852,OXFORD_NANOPORE
GCA_001307505.2,SAMN04017316,SRR16250972,SAMN04017316,SRS10489852,OXFORD_NANOPORE
GCA_001307505.2,SAMN04017316,SRR16250962,SAMN04017316,SRS10489852,OXFORD_NANOPORE
GCA_001307505.2,SAMN04017316,SRR16250966,SAMN04017316,SRS10489852,OXFORD_NANOPORE
GCA_001307505.2,SAMN04017316,SRR16250967,SAMN04017316,SRS10489852,OXFORD_NANOPORE
GCA_001307505.2,SAMN04017316,SRR16250969,SAMN04017316,SRS10489852,OXFORD_NANOPORE
GCA_001307505.2,SAMN04017316,SRR16250971,SAMN04017316,SRS10489852,OXFORD_NANOPORE
GCA_001578535.1,SAMN04452058,SRR3151732,SAMN04452058,SRS1279015,ILLUMINA
GCA_001712875.1,SAMN04623572,SRR3348967,SAMN04623572,SRS1381870,ILLUMINA
GCA_002290085.1,SAMN07573570,SRR5997379,SAMN07573570,SRS2484838,OXFORD_NANOPORE
GCA_002290085.1,SAMN07573570,SRR5997380,SAMN07573570,SRS2484838,ILLUMINA
GCA_002298905.1,SAMN06453697,SRR5325137,SAMN06453697,SRS2032205,ILLUMINA
GCA_002345705.1,SAMN06452303,SRR5324076,SAMN06452303,SRS2034228,ILLUMINA
GCA_002372615.1,SAMN06452513,SRR5322781,SAMN06452513,SRS2032933,ILLUMINA
GCA_002397505.1,SAMN06455153,SRR5326659,SAMN06455153,SRS2035811,ILLUMINA
GCA_002398145.1,SAMN06457454,SRR5326728,SAMN06457454,SRS2035880,ILLUMINA
GCA_002398445.1,SAMN06450981,SRR5326745,SAMN06450981,SRS2035898,ILLUMINA
GCA_002399485.1,SAMN06456589,SRR5326625,SAMN06456589,SRS2035777,ILLUMINA
GCA_002399815.1,SAMN06453586,SRR5326615,SAMN06453586,SRS2035768,ILLUMINA
GCA_002407985.1,SAMN06451886,SRR5326862,SAMN06451886,SRS2036015,ILLUMINA
GCA_002408505.1,SAMN06455092,SRR5326552,SAMN06455092,SRS2035704,ILLUMINA
GCA_002408805.1,SAMN06452243,SRR5326501,SAMN06452243,SRS2035653,ILLUMINA
GCA_002410615.1,SAMN06452524,SRR5326772,SAMN06452524,SRS2035924,ILLUMINA
GCA_002410795.1,SAMN06457197,SRR5326840,SAMN06457197,SRS2035992,ILLUMINA
GCA_002411585.1,SAMN06457556,SRR5326514,SAMN06457556,SRS2035666,ILLUMINA
GCA_002412315.1,SAMN06454566,SRR5326473,SAMN06454566,SRS2035625,ILLUMINA
GCA_002418725.1,SAMN06451457,SRR5325347,SAMN06451457,SRS2032415,ILLUMINA
GCA_002421365.1,SAMN06452378,SRR5322479,SAMN06452378,SRS2032631,ILLUMINA
GCA_002422045.1,SAMN06457400,SRR5323120,SAMN06457400,SRS2033273,ILLUMINA
GCA_002422135.1,SAMN06454855,SRR5323110,SAMN06454855,SRS2033263,ILLUMINA
GCA_002423145.1,SAMN06453525,SRR5323134,SAMN06453525,SRS2033287,ILLUMINA
GCA_002424575.1,SAMN06451146,SRR5322477,SAMN06451146,SRS2032629,ILLUMINA
GCA_002426705.1,SAMN06456065,SRR5326792,SAMN06456065,SRS2035944,ILLUMINA
GCA_002427085.1,SAMN06454103,SRR5326893,SAMN06454103,SRS2036045,ILLUMINA
GCA_002427245.1,SAMN06452761,SRR5326926,SAMN06452761,SRS2036079,ILLUMINA
GCA_002427375.1,SAMN06453599,SRR5326816,SAMN06453599,SRS2035968,ILLUMINA
GCA_002441525.1,SAMN06450456,SRR5323218,SAMN06450456,SRS2033372,ILLUMINA
GCA_002441935.1,SAMN07709945,SRR6082029,SAMN07709945,SRS2545615,ILLUMINA
GCA_002441935.1,SAMN07709945,SRR6082028,SAMN07709945,SRS2545615,OXFORD_NANOPORE
GCA_002483695.1,SAMN06454696,SRR5326561,SAMN06454696,SRS2035713,ILLUMINA
GCA_002504365.1,SAMN07735426,SRR6129219,SAMN07735426,SRS2564711,ILLUMINA
GCA_002504365.1,SAMN07735426,SRR6129218,SAMN07735426,SRS2564711,OXFORD_NANOPORE
GCA_002504385.1,SAMN07735427,SRR6129216,SAMN07735427,SRS2564712,OXFORD_NANOPORE
GCA_002504385.1,SAMN07735427,SRR6129217,SAMN07735427,SRS2564712,ILLUMINA
GCA_002554195.1,SAMN05323707,SRR6155014,SAMN05323707,SRS2579060,LS454
GCA_002554195.1,SAMN05323707,SRR6155015,SAMN05323707,SRS2579060,LS454
GCA_002749675.1,SAMN07838951,SRR6224383,SAMN07838951,SRS2635452,ILLUMINA
GCA_002749675.1,SAMN07838951,SRR6224382,SAMN07838951,SRS2635452,OXFORD_NANOPORE
GCA_002843565.1,SAMN08158127,SRR6364637,SAMN08158127,SRS2748660,OXFORD_NANOPORE
GCA_002843565.1,SAMN08158127,SRR6364636,SAMN08158127,SRS2748660,ILLUMINA
GCA_003181115.1,SAMN09083457,SRR7548026,SAMN09083457,SRS3567565,OXFORD_NANOPORE
GCA_003181115.1,SAMN09083457,SRR7548027,SAMN09083457,SRS3567565,ILLUMINA
GCA_003339775.1,SAMN08579949,SRR8258035,SAMN08579949,SRS4088852,PACBIO_SMRT
GCA_003363775.1,SAMN09726146,SRR8676460,SAMN09726146,SRS4445210,ILLUMINA
GCA_003363775.1,SAMN09726146,SRR8676459,SAMN09726146,SRS4445210,ILLUMINA
GCA_003385765.1,SAMN08769264,SRR7081816,SAMN08769264,SRS3233152,ILLUMINA
GCA_003476205.1,SAMN08018110,SRR6486019,SAMN08018110,SRS2845760,ILLUMINA
GCA_003477305.1,SAMN08018072,SRR6482141,SAMN08018072,SRS2842934,ILLUMINA
GCA_003487205.1,SAMN08018367,SRR6488249,SAMN08018367,SRS2847765,ILLUMINA
GCA_003497445.1,SAMN08018608,SRR6485654,SAMN08018608,SRS2845615,ILLUMINA
GCA_003499865.1,SAMN08018709,SRR6483049,SAMN08018709,SRS2843900,ILLUMINA
GCA_003509585.1,SAMN08019209,SRR6488268,SAMN08019209,SRS2847744,ILLUMINA
GCA_003511045.1,SAMN08019177,SRR6482119,SAMN08019177,SRS2842956,ILLUMINA
GCA_003512145.1,SAMN08019407,SRR6487879,SAMN08019407,SRS2847645,ILLUMINA
GCA_003518475.1,SAMN08019459,SRR6487796,SAMN08019459,SRS2847216,ILLUMINA
GCA_003518985.1,SAMN08019435,SRR6487407,SAMN08019435,SRS2847095,ILLUMINA
GCA_003524005.1,SAMN08018310,SRR6482587,SAMN08018310,SRS2843357,ILLUMINA
GCA_003524985.1,SAMN08020431,SRR6482941,SAMN08020431,SRS2843512,ILLUMINA
GCA_003531975.1,SAMN08019060,SRR6488229,SAMN08019060,SRS2847785,ILLUMINA
GCA_003537675.1,SAMN08020053,SRR6482801,SAMN08020053,SRS2843653,ILLUMINA
GCA_003539625.1,SAMN08019988,SRR6487495,SAMN08019988,SRS2847011,ILLUMINA
GCA_003550015.1,SAMN02745153,SRR4090632,SAMN02745153,SRS1652626,ILLUMINA
GCA_003586005.1,SAMN06711112,SRR6233350,SAMN06711112,SRS2643206,ILLUMINA
GCA_004214875.1,SAMN10923938,SRR8776461,SAMN10923938,SRS4529588,ILLUMINA
GCA_004362335.1,SAMN02745156,SRR4090642,SAMN02745156,SRS1652633,ILLUMINA
GCA_004365505.1,SAMN02982991,SRR4136192,SAMN02982991,SRS1667678,ILLUMINA
GCA_004379335.1,SAMN11157588,SRR8741477,SAMN11157588,SRS4499629,ILLUMINA
GCA_006265075.1,SAMN11775870,SRR9331728,SAMN11775870,SRS4998775,ILLUMINA
GCA_006265105.1,SAMN11775871,SRR9331729,SAMN11775871,SRS4998774,ILLUMINA
GCA_007821455.1,SAMN09289773,SRR9643267,SAMN09289773,SRS5063083,ILLUMINA
GCA_007858495.1,SAMN12242012,SRR9665356,SAMN12242012,SRS5081750,ILLUMINA
GCA_007858495.1,SAMN12242012,SRR9665355,SAMN12242012,SRS5081750,ILLUMINA
GCA_007858515.1,SAMN12273890,SRR9680641,SAMN12273890,SRS5094828,ILLUMINA
GCA_007858515.1,SAMN12273890,SRR9680642,SAMN12273890,SRS5094828,ILLUMINA
GCA_007859615.1,SAMN12274163,SRR9681681,SAMN12274163,SRS5095438,ILLUMINA
GCA_007993715.1,SAMN12423348,SRR9903453,SAMN12423348,SRS5216399,PACBIO_SMRT
GCA_008086545.1,SAMN12559111,SRR9994500,SAMN12559111,SRS5285236,ILLUMINA
GCA_009792315.1,SAMN13108394,SRR10688428,SAMN13108394,SRS5823922,ILLUMINA
GCA_009832225.1,SAMN09532940,SRR7601679,SAMN09532940,SRS3597719,ILLUMINA
GCA_009866525.1,SAMN11349289,SRR8961770,SAMN11349289,SRS4676830,PACBIO_SMRT
GCA_010587055.1,SAMN13349064,SRR10507067,SAMN13349064,SRS5701704,PACBIO_SMRT
GCA_010587105.1,SAMN13349063,SRR10507068,SAMN13349063,SRS5701703,PACBIO_SMRT
GCA_010587175.1,SAMN13747535,SRR10843927,SAMN13747535,SRS5954253,PACBIO_SMRT
GCA_010587255.1,SAMN13350680,SRR10507065,SAMN13350680,SRS5701706,PACBIO_SMRT
GCA_010587305.1,SAMN13350677,SRR10507066,SAMN13350677,SRS5701705,PACBIO_SMRT
GCA_012163225.1,SAMN14173566,SRR11237629,SAMN14173566,SRS6208612,OXFORD_NANOPORE
GCA_012163225.1,SAMN14173566,SRR11237631,SAMN14173566,SRS6208612,ILLUMINA
GCA_012163225.1,SAMN14173566,SRR11237630,SAMN14173566,SRS6208612,ILLUMINA
GCA_013113755.1,SAMN14593315,SRR11536473,SAMN14593315,SRS6472986,OXFORD_NANOPORE
GCA_013332095.1,SAMN14732481,SRR13060577,SAMN14732481,SRS7717229,ILLUMINA
GCA_013372025.1,SAMN15196273,SRR12000858,SAMN15196273,SRS6829277,OXFORD_NANOPORE
GCA_013372025.1,SAMN15196273,SRR12000859,SAMN15196273,SRS6829277,ILLUMINA
GCA_013391955.1,SAMN15081177,SRR11907267,SAMN15081177,SRS6755446,ILLUMINA
GCA_015708155.1,SAMN16454380,SRR13176452,SAMN16454380,SRS7810533,PACBIO_SMRT
GCA_015708155.1,SAMN16454380,SRR13168492,SAMN16454380,SRS7810533,PACBIO_SMRT
GCA_015709225.1,SAMN16288725,SRR12739111,SAMN16288725,SRS7446107,ILLUMINA
GCA_016876135.2,SAMN15186628,SRR14636210,SAMN15186628,SRS9053363,ILLUMINA
GCA_016907055.1,SAMN02983008,SRR4136191,SAMN02983008,SRS1667677,ILLUMINA
GCA_018024475.1,SAMN15080914,SRR11921288,SAMN15080914,SRS6767997,ILLUMINA
GCA_018024475.1,SAMN15080914,SRR11921289,SAMN15080914,SRS6767997,OXFORD_NANOPORE
GCA_018327665.1,SAMD00239572,DRR240862,SAMD00239572,DRS180584,ILLUMINA
GCA_018327665.1,SAMD00239572,DRR423636,SAMD00239572,DRS180584,PACBIO_SMRT
GCA_018390775.2,SAMN19066185,SRR17831423,SAMN19066185,SRS11831961,ILLUMINA
GCA_018390775.2,SAMN19066185,SRR17869099,SAMN19066185,SRS11831961,OXFORD_NANOPORE
GCA_018638275.1,SAMN18201729,SRR13899764,SAMN18201729,SRS8411473,OXFORD_NANOPORE
GCA_019396865.1,SAMN14573116,SRR12800422,SAMN14573116,SRS7498282,PACBIO_SMRT
GCA_020312115.2,SAMN19836676,SRR16501719,SAMN19836676,SRS10654477,ILLUMINA
GCA_020312115.2,SAMN19836676,SRR16501720,SAMN19836676,SRS10654477,OXFORD_NANOPORE
GCA_020497635.1,SAMN13885759,SRR10916259,SAMN13885759,SRS6017234,ILLUMINA
GCA_020497635.1,SAMN13885759,SRR13346645,SAMN13885759,SRS6017234,ILLUMINA
GCA_021409605.1,SAMN16482783,SRR12881897,SAMN16482783,SRS7570837,ILLUMINA
GCA_021409645.1,SAMN16482782,SRR12881898,SAMN16482782,SRS7570836,ILLUMINA
GCA_021409665.1,SAMN16482781,SRR12881899,SAMN16482781,SRS7570835,ILLUMINA
GCA_021409685.1,SAMN16482779,SRR12881901,SAMN16482779,SRS7570833,ILLUMINA
GCA_021409705.1,SAMN16482780,SRR12881900,SAMN16482780,SRS7570834,ILLUMINA
GCA_021409725.1,SAMN16482777,SRR12881903,SAMN16482777,SRS7570831,ILLUMINA
GCA_021409745.1,SAMN16482778,SRR12881902,SAMN16482778,SRS7570832,ILLUMINA
GCA_021496725.1,SAMN04274829,SRR24848565,SAMN04274829,SRS17912474,PACBIO_SMRT
GCA_021496725.1,SAMN04274829,SRR24848566,SAMN04274829,SRS17912474,ILLUMINA
GCA_022569815.1,SAMN15339383,SRR12065013,SAMN15339383,SRS6883980,OXFORD_NANOPORE
GCA_023509825.1,SAMN23742857,SRR17695994,SAMN23742857,SRS11733422,ILLUMINA
GCA_023566085.1,SAMN23742859,SRR17696002,SAMN23742859,SRS11733413,ILLUMINA
GCA_023566095.1,SAMN23742858,SRR17696003,SAMN23742858,SRS11733414,ILLUMINA
GCA_023566145.1,SAMN21844336,SRR17695995,SAMN21844336,SRS11733421,ILLUMINA
GCA_023566245.1,SAMN21844335,SRR17695996,SAMN21844335,SRS11733419,ILLUMINA
GCA_023566275.1,SAMN21844334,SRR17695997,SAMN21844334,SRS11733420,ILLUMINA
GCA_023566295.1,SAMN21844333,SRR17695998,SAMN21844333,SRS11733418,ILLUMINA
GCA_023566315.1,SAMN21844332,SRR17695999,SAMN21844332,SRS11733416,ILLUMINA
GCA_023566335.1,SAMN21844331,SRR17696000,SAMN21844331,SRS11733417,ILLUMINA
GCA_023566355.1,SAMN21844330,SRR17696001,SAMN21844330,SRS11733415,ILLUMINA
GCA_023566375.1,SAMN21844329,SRR17696004,SAMN21844329,SRS11733412,ILLUMINA
GCA_023566395.1,SAMN21844328,SRR17696005,SAMN21844328,SRS11733411,ILLUMINA
GCA_023934045.1,SAMN28422185,SRR19355473,SAMN28422185,SRS13139210,OXFORD_NANOPORE
GCA_023934045.1,SAMN28422185,SRR19355472,SAMN28422185,SRS13139210,ILLUMINA
GCA_025884515.1,SAMN30552787,SRR22028292,SAMN30552787,SRS15518358,OXFORD_NANOPORE
GCA_026821955.1,SAMN31868164,SRR22523853,SAMN31868164,SRS15960948,OXFORD_NANOPORE
GCA_026821955.1,SAMN31868164,SRR22523854,SAMN31868164,SRS15960948,ILLUMINA
GCA_027923845.1,SAMD00547685,DRR411754,SAMD00547685,DRS262271,ILLUMINA
GCA_027923845.1,SAMD00547685,DRR411755,SAMD00547685,DRS262271,OXFORD_NANOPORE
GCA_027923845.1,SAMD00547685,DRR411757,SAMD00547685,DRS262271,OXFORD_NANOPORE
GCA_027945135.1,SAMN32686720,SRR23060400,SAMN32686720,SRS16433017,DNBSEQ
GCA_027945135.1,SAMN32686720,SRR23060397,SAMN32686720,SRS16433017,DNBSEQ
GCA_027945135.1,SAMN32686720,SRR23060398,SAMN32686720,SRS16433017,DNBSEQ
GCA_027945135.1,SAMN32686720,SRR23060064,SAMN32686720,SRS16433017,PACBIO_SMRT
GCA_027945135.1,SAMN32686720,SRR23060065,SAMN32686720,SRS16433017,ILLUMINA
GCA_027945135.1,SAMN32686720,SRR23060399,SAMN32686720,SRS16433017,DNBSEQ
GCA_028595955.1,SAMN27545508,SRR20897172,SAMN27545508,SRS14503189,ILLUMINA
GCA_028595955.1,SAMN27545508,SRR20897171,SAMN27545508,SRS14503189,ILLUMINA
GCA_028595955.1,SAMN27545508,SRR20897170,SAMN27545508,SRS14503189,ILLUMINA
GCA_028622045.1,SAMN32939082,SRR23254142,SAMN32939082,SRS16609314,ILLUMINA
GCA_028622045.1,SAMN32939082,SRR23254141,SAMN32939082,SRS16609314,OXFORD_NANOPORE
GCA_029457555.1,SAMN33408018,SRR23594094,SAMN33408018,SRS16870415,OXFORD_NANOPORE
GCA_029457555.1,SAMN33408018,SRR23594095,SAMN33408018,SRS16870415,ILLUMINA
GCA_029746895.1,SAMN33549442,SRR23692424,SAMN33549442,SRS16939402,ILLUMINA
GCA_029746895.1,SAMN33549442,SRR23692423,SAMN33549442,SRS16939402,OXFORD_NANOPORE
GCA_029866545.1,SAMN27302535,SRR18744026,SAMN27302535,SRS12598949,ILLUMINA
GCA_030127385.1,SAMN04868714,SRR24654890,SAMN04868714,SRS17741547,ILLUMINA
GCA_030127385.1,SAMN04868714,SRR24654889,SAMN04868714,SRS17741547,OXFORD_NANOPORE
GCA_030154525.1,SAMN18653201,SRR24775308,SAMN18653201,SRS17856819,ILLUMINA
GCA_030316605.1,SAMN04275153,SRR24848568,SAMN04275153,SRS17912476,PACBIO_SMRT
GCA_030316605.1,SAMN04275153,SRR24848569,SAMN04275153,SRS17912476,ILLUMINA
GCA_030316605.1,SAMN04275153,SRR24848570,SAMN04275153,SRS17912476,ILLUMINA
GCA_030544865.1,SAMN28048762,SRR19140300,SAMN28048762,SRS12946069,OXFORD_NANOPORE
GCA_030544865.1,SAMN28048762,SRR19140298,SAMN28048762,SRS12946069,OXFORD_NANOPORE
GCA_030544865.1,SAMN28048762,SRR19140301,SAMN28048762,SRS12946069,ILLUMINA
GCA_030544865.1,SAMN28048762,SRR19140297,SAMN28048762,SRS12946069,OXFORD_NANOPORE
GCA_030544865.1,SAMN28048762,SRR19140299,SAMN28048762,SRS12946069,OXFORD_NANOPORE
GCA_030686925.1,SAMN33407024,SRR23593368,SAMN33407024,SRS16869714,OXFORD_NANOPORE
GCA_030686925.1,SAMN33407024,SRR23593369,SAMN33407024,SRS16869714,ILLUMINA
GCA_030700385.1,SAMN34138617,SRR24128046,SAMN34138617,SRS17277953,ILLUMINA
GCA_030700395.1,SAMN34138616,SRR24128047,SAMN34138616,SRS17277952,ILLUMINA
GCA_030700425.1,SAMN34138618,SRR24128054,SAMN34138618,SRS17277945,ILLUMINA
GCA_030700445.1,SAMN34138615,SRR24128048,SAMN34138615,SRS17277951,ILLUMINA
GCA_030700465.1,SAMN34138613,SRR24128050,SAMN34138613,SRS17277949,ILLUMINA
GCA_030700485.1,SAMN34138614,SRR24128049,SAMN34138614,SRS17277950,ILLUMINA
GCA_030700495.1,SAMN34138611,SRR24128052,SAMN34138611,SRS17277947,ILLUMINA
GCA_030700545.1,SAMN36781233,SRR25474921,SAMN36781233,SRS18464630,ILLUMINA
GCA_030700565.1,SAMN34138610,SRR24128053,SAMN34138610,SRS17277946,ILLUMINA
GCA_030700585.1,SAMN34138609,SRR24128055,SAMN34138609,SRS17277944,ILLUMINA
GCA_030700595.1,SAMN36781232,SRR25474922,SAMN36781232,SRS18464629,ILLUMINA
GCA_030700645.1,SAMN34138608,SRR24128056,SAMN34138608,SRS17277943,ILLUMINA
GCA_030815295.1,SAMN18247817,SRR35194445,SAMN18247817,SRS26346693,ILLUMINA
GCA_033391615.1,SAMN34292745,SRR24310309,SAMN34292745,SRS17436226,ILLUMINA
GCA_033391615.1,SAMN34292745,SRR24310308,SAMN34292745,SRS17436226,OXFORD_NANOPORE
GCA_035187685.1,SAMN36470877,SRR30832042,SAMN36470877,SRS22772873,OXFORD_NANOPORE
GCA_035187685.1,SAMN36470877,SRR30832043,SAMN36470877,SRS22772873,ILLUMINA
GCA_035853675.1,SAMN38957063,SRR27437570,SAMN38957063,SRS20064628,OXFORD_NANOPORE
GCA_035853675.1,SAMN38957063,SRR27437571,SAMN38957063,SRS20064628,ILLUMINA
GCA_036924395.2,SAMN39606365,SRR29553187,SAMN39606365,SRS20429124,ILLUMINA
GCA_036924415.2,SAMN39606366,SRR29553188,SAMN39606366,SRS20429123,ILLUMINA
GCA_036985145.1,SAMD00560600,DRR423635,SAMD00560600,DRS356898,ILLUMINA
GCA_036985165.1,SAMD00560599,DRR423634,SAMD00560599,DRS356897,ILLUMINA
GCA_038024965.1,SAMN40175287,SRR28122442,SAMN40175287,SRS20592646,PACBIO_SMRT
GCA_038396745.1,SAMN35528337,SRR24890054,SAMN35528337,SRS17950102,ILLUMINA
GCA_038505995.1,SAMN35327278,SRR24890053,SAMN35327278,SRS17950101,ILLUMINA
GCA_040126175.1,SAMN40861605,SRR28871971,SAMN40861605,SRS21185950,PACBIO_SMRT
GCA_040369795.1,SAMD00647262,DRR504716,SAMD00647262,DRS376542,OXFORD_NANOPORE
GCA_041276565.1,SAMN42884353,SRR33330897,SAMN42884353,SRS24868866,ILLUMINA
GCA_041276565.1,SAMN42884353,SRR33330896,SAMN42884353,SRS24868866,ILLUMINA
GCA_041729675.1,SAMN27736172,SRR18884265,SAMN27736172,SRS12713216,ILLUMINA
GCA_041729675.1,SAMN27736172,SRR18884269,SAMN27736172,SRS12713216,OXFORD_NANOPORE
GCA_041729685.1,SAMN27736171,SRR18884270,SAMN27736171,SRS12713215,OXFORD_NANOPORE
GCA_041729685.1,SAMN27736171,SRR18884266,SAMN27736171,SRS12713215,ILLUMINA
GCA_041729695.1,SAMN27736170,SRR18884267,SAMN27736170,SRS12713213,ILLUMINA
GCA_041729695.1,SAMN27736170,SRR18884271,SAMN27736170,SRS12713213,OXFORD_NANOPORE
GCA_041729705.1,SAMN27736169,SRR18884268,SAMN27736169,SRS12713214,ILLUMINA
GCA_041729705.1,SAMN27736169,SRR18884272,SAMN27736169,SRS12713214,OXFORD_NANOPORE
GCA_041920595.1,SAMN41883633,SRR29639853,SAMN41883633,SRS21836862,BGISEQ
GCA_041984945.1,SAMN40554789,SRR28398519,SAMN40554789,SRS20799668,ILLUMINA
GCA_044714355.1,SAMN10461773,SRR12200484,SAMN10461773,SRS6987322,ILLUMINA
GCA_044714355.1,SAMN10461773,SRR12200482,SAMN10461773,SRS6987322,ILLUMINA
GCA_044714355.1,SAMN10461773,SRR12200483,SAMN10461773,SRS6987322,ILLUMINA
GCA_046600495.1,SAMN46078053,SRR32945541,SAMN46078053,SRS24568394,DNBSEQ
GCA_047530585.1,SAMN46529968,SRR32212099,SAMN46529968,SRS23967356,ILLUMINA
GCA_047715995.1,SAMN42772346,SRR32305964,SAMN42772346,SRS24048241,PACBIO_SMRT
GCA_049440465.1,SAMN46290475,SRR33831098,SAMN46290475,SRS25267035,OXFORD_NANOPORE
GCA_049440465.1,SAMN46290475,SRR33831099,SAMN46290475,SRS25267035,ILLUMINA
GCA_049669535.1,SAMN47572768,SRR33237975,SAMN47572768,SRS24803714,OXFORD_NANOPORE
GCA_049669535.1,SAMN47572768,SRR33237976,SAMN47572768,SRS24803714,ILLUMINA
GCA_050286905.1,SAMN48207542,SRR33405266,SAMN48207542,SRS24917142,ILLUMINA
GCA_050286905.1,SAMN48207542,SRR33405267,SAMN48207542,SRS24917142,OXFORD_NANOPORE
GCA_050897995.1,SAMN47220747,SRR32803514,SAMN47220747,SRS24444810,ILLUMINA
GCA_050897995.1,SAMN47220747,SRR32803513,SAMN47220747,SRS24444810,ILLUMINA
GCA_050897995.1,SAMN47220747,SRR32803515,SAMN47220747,SRS24444810,ILLUMINA
GCA_050897995.1,SAMN47220747,SRR32803516,SAMN47220747,SRS24444810,ILLUMINA
GCA_050897995.1,SAMN47220747,SRR32803517,SAMN47220747,SRS24444810,ILLUMINA
GCA_050897995.1,SAMN47220747,SRR32933015,SAMN47220747,SRS24444810,OXFORD_NANOPORE
GCA_050916135.1,SAMN17598643,SRR22475907,SAMN17598643,SRS15922684,BGISEQ
GCA_050916135.1,SAMN17598643,SRR22475906,SAMN17598643,SRS15922684,PACBIO_SMRT
GCA_051710685.1,SAMN48173560,SRR35430732,SAMN48173560,SRS26540366,ILLUMINA
GCA_051777485.1,SAMN42186291,SRR29704217,SAMN42186291,SRS21894492,ILLUMINA
GCA_055523495.1,SAMN50749099,SRR35152541,SAMN50749099,SRS26309396,ILLUMINA
GCA_055523495.1,SAMN50749099,SRR35152537,SAMN50749099,SRS26309396,OXFORD_NANOPORE
GCA_055523525.1,SAMN50749097,SRR35152539,SAMN50749097,SRS26309397,OXFORD_NANOPORE
GCA_055523525.1,SAMN50749097,SRR35152543,SAMN50749097,SRS26309397,ILLUMINA
GCA_055523555.1,SAMN50749098,SRR35152542,SAMN50749098,SRS26309398,ILLUMINA
GCA_055523555.1,SAMN50749098,SRR35152538,SAMN50749098,SRS26309398,OXFORD_NANOPORE
GCA_055523595.1,SAMN50749096,SRR35152540,SAMN50749096,SRS26309395,OXFORD_NANOPORE
GCA_055523595.1,SAMN50749096,SRR35152544,SAMN50749096,SRS26309395,ILLUMINA
GCA_900166985.1,SAMN02745122,SRR4090652,SAMN02745122,SRS1652643,ILLUMINA
GCA_900444665.1,SAMEA104224792,ERR2237846,SAMEA104224792,ERS1883810,PACBIO_SMRT
GCA_900476025.1,SAMEA4384074,ERR1800592,SAMEA4384074,ERS1295523,PACBIO_SMRT
GCA_900476175.1,SAMEA4412699,ERR1805701,SAMEA4412699,ERS1324148,PACBIO_SMRT
GCA_900660745.1,SAMEA104224787,ERR2237839,SAMEA104224787,ERS1883805,PACBIO_SMRT
GCA_900660755.1,SAMEA104224796,ERR2237852,SAMEA104224796,ERS1883814,PACBIO_SMRT
GCA_965212725.1,SAMEA117660579,ERR14335635,SAMEA117660579,ERS23167163,ILLUMINA
GCA_965212735.1,SAMEA117660580,ERR14335636,SAMEA117660580,ERS23167164,ILLUMINA
GCA_977000445.1,SAMEA120322932,ERR15693037,SAMEA120322932,ERS26984919,PACBIO_SMRT
GCA_978563805.1,SAMN50427621,SRR36646726,SAMN50427621,SRS27632450,ILLUMINA
