run,read,chimera_type,reason,left,right,left_start,left_end,right_start,right_end,left_ref_start,left_ref_end,left_strand,right_ref_start,right_ref_end,right_strand,circular_distance
DRR504716,DRR504716.279,native_native,different_strands,native|AP028955.1,native|AP028955.1,86,1333,1340,1861,341467,342715,-1,341458,342035,1,
DRR504716,DRR504716.451,native_native,different_strands,native|AP028955.1,native|AP028955.1,87,836,1338,2206,437960,438716,1,437149,438122,-1,
DRR504716,DRR504716.1042,native_native,different_strands,native|AP028956.1,native|AP028956.1,79,28976,30488,39448,24968,54243,1,42471,52611,-1,
DRR504716,DRR504716.1334,native_native,different_contigs,native|AP028955.1,native|AP028956.1,6325,25014,92,6324,1329163,1348045,1,48327,54615,-1,
SRR6082028,SRR6082028.114,native_native,different_strands,native|CP023668.1,native|CP023668.1,83,19798,19792,38765,1519,21403,1,1524,21011,-1,
SRR6082028,SRR6082028.304,native_native,different_strands,native|CP023668.1,native|CP023668.1,8868,27984,89,8856,604875,623833,1,797225,805994,-1,
SRR6082028,SRR6082028.326,native_native,different_strands,native|CP023668.1,native|CP023668.1,91,9898,10078,11268,706694,716540,-1,706628,707779,1,
SRR6082028,SRR6082028.379,native_native,different_strands,native|CP023668.1,native|CP023668.1,17823,32474,1085,17593,591815,607127,-1,592756,608500,1,
SRR6082028,SRR6082028.385,native_native,different_strands,native|CP023668.1,native|CP023668.1,39,1779,1960,3044,708493,710248,1,708784,709958,-1,
SRR6082028,SRR6082028.396,native_native,different_strands,native|CP023668.1,native|CP023668.1,1338,13465,93,1335,734195,746526,1,731042,732286,-1,
SRR6082028,SRR6082028.407,native_native,distant_loci,native|CP023668.1,native|CP023668.1,37,4838,4847,6160,203885,208556,-1,352393,353689,-1,149805
SRR6082028,SRR6082028.507,native_native,distant_loci,native|CP023668.1,native|CP023668.1,84,9931,9957,17481,710590,720382,1,102501,110020,1,219589
SRR6082028,SRR6082028.524,native_native,distant_loci,native|CP023668.1,native|CP023668.1,2762,14524,91,2760,750561,762297,-1,715850,718540,-1,46448
SRR6082028,SRR6082028.564,native_native,different_strands,native|CP023668.1,native|CP023668.1,65,16839,16844,17451,497907,514690,-1,498145,498761,1,
SRR6082028,SRR6082028.651,native_native,different_strands,native|CP023668.1,native|CP023668.1,65,13940,17755,20598,188342,202199,-1,192971,196234,1,
SRR6082028,SRR6082028.729,native_native,different_strands,native|CP023668.1,native|CP023668.1,87,5169,6914,9116,59660,64753,1,60802,63331,-1,
SRR6082028,SRR6082028.878,native_native,distant_loci,native|CP023668.1,native|CP023668.1,97,8108,8109,10619,614409,622729,-1,637389,639959,-1,25551
SRR6082028,SRR6082028.967,native_native,distant_loci,native|CP023668.1,native|CP023668.1,88,10697,10701,18326,800144,810798,1,558686,566404,1,252113
SRR6082028,SRR6082028.1014,native_native,different_strands,native|CP023668.1,native|CP023668.1,73,3359,3479,5345,341603,344920,-1,341601,343567,1,
SRR6082028,SRR6082028.1059,native_native,different_strands,native|CP023668.1,native|CP023668.1,14717,28241,969,14599,800785,814800,1,800784,814419,-1,
SRR6082028,SRR6082028.1090,native_native,different_strands,native|CP023668.1,native|CP023668.1,10591,24652,42,10574,172632,186522,-1,797595,807619,1,
SRR6082028,SRR6082028.1189,native_native,different_strands,native|CP023668.1,native|CP023668.1,83,2971,3127,3894,179138,182067,1,180833,181698,-1,
SRR6082028,SRR6082028.1192,native_native,different_strands,native|CP023668.1,native|CP023668.1,10474,15953,6595,10326,829063,834486,1,825298,829031,-1,
SRR6082028,SRR6082028.1322,native_native,different_strands,native|CP023668.1,native|CP023668.1,94,23031,23016,29491,584930,607143,1,242963,249423,-1,
SRR6082028,SRR6082028.1431,native_native,different_strands,native|CP023668.1,native|CP023668.1,55,13921,13993,23881,172622,186494,1,797607,807599,-1,
SRR6082028,SRR6082028.1524,native_native,different_strands,native|CP023668.1,native|CP023668.1,35,10785,11049,13935,119946,130758,1,127206,130493,-1,
SRR6082028,SRR6082028.1564,native_native,distant_loci,native|CP023668.1,native|CP023668.1,23454,26896,2836,3891,238192,240797,-1,254458,255349,-1,13660
SRR6082028,SRR6082028.1661,native_native,different_strands,native|CP023668.1,native|CP023668.1,35,9287,9305,16917,777224,787043,1,418349,426349,-1,
SRR6082028,SRR6082028.1685,native_native,distant_loci,native|CP023668.1,native|CP023668.1,469,2123,18425,19374,570050,571596,1,587495,588428,1,15898
SRR6082028,SRR6082028.1758,native_native,different_strands,native|CP023668.1,native|CP023668.1,97,7645,8295,10626,387154,394720,-1,387897,390561,1,
SRR6082028,SRR6082028.1878,native_native,different_strands,native|CP023668.1,native|CP023668.1,146,13628,13621,16278,491568,505132,-1,491644,494309,1,
SRR6082028,SRR6082028.1942,native_native,different_strands,native|CP023668.1,native|CP023668.1,83,13977,14452,17593,30117,43997,1,39920,43406,-1,
