query,accession,contig,start,end,length,reason,panel_score,panel_status,gc_delta
Q01,GCA_937885255.1,CALAAF010000019.1,4415,5414,16354,panel_match,3,suspect_contamination,0.01992952176464302
Q02,GCA_013389495.1,JACAOE010000004.1,943,1942,2885,panel_match,4,suspect_contamination,0.2151328634148889
Q03,GCA_949083825.1,CARVPV010000123.1,462,1461,2163,panel_match,3,suspect_contamination,0.05727211575324409
Q04,GCA_000023165.1,CP001621.1,1086475,1087474,1089202,panel_match,-2,HGT_or_construct_candidate,0.0
Q05,GCA_001267815.1,CP012387.1,32597,33596,1085764,panel_match,-2,HGT_or_construct_candidate,0.0
Q06,GCA_900489825.1,LS483515.1,32597,33596,1085764,panel_match,-2,HGT_or_construct_candidate,0.00010528892148070623
Q07,GCA_900489725.1,LS483512.1,32597,33596,1085633,panel_match,-2,HGT_or_construct_candidate,1.4540551706687666e-05
Q08,GCA_900489785.1,LS483518.1,32468,33467,1085504,panel_match,-2,HGT_or_construct_candidate,1.3440729441510646e-05
Q09,GCA_900489795.1,LS483514.1,32464,33463,1085503,panel_match,-2,HGT_or_construct_candidate,3.7896848275736916e-05
Q10,GCA_900489565.1,LS483505.1,32597,33596,1084991,panel_match,-2,HGT_or_construct_candidate,5.5752905497336025e-05
Q11,GCA_000023685.1,CP001668.1,32597,33596,1084586,panel_match,-2,HGT_or_construct_candidate,0.0
Q12,GCA_900489575.1,LS483501.1,32597,33596,1084063,panel_match,-2,HGT_or_construct_candidate,5.3822426461347384e-05
Q13,GCA_900489705.1,LS483513.1,30382,31381,1083426,panel_match,-2,HGT_or_construct_candidate,4.411396383185995e-07
Q14,GCA_900489655.1,LS483519.1,30256,31255,1082927,panel_match,-2,HGT_or_construct_candidate,9.665426098143248e-05
Q15,GCA_900489545.1,LS483504.1,32597,33596,1082015,panel_match,-2,HGT_or_construct_candidate,0.00010569891178605073
Q16,GCA_900489525.1,LS483502.1,32597,33596,1081653,panel_match,-2,HGT_or_construct_candidate,0.00010700771210414572
Q17,GCA_900489515.1,LS483500.1,32597,33596,1081613,panel_match,-2,HGT_or_construct_candidate,8.928144844258523e-05
Q18,GCA_900489675.1,LS483509.1,32597,33596,1080782,panel_match,-2,HGT_or_construct_candidate,1.814950334011467e-05
Q19,GCA_900489765.1,LS483517.1,32597,33596,1079265,panel_match,-2,HGT_or_construct_candidate,1.5510985978406389e-06
Q20,GCA_900489715.1,LS483511.1,32597,33596,1078494,panel_match,-2,HGT_or_construct_candidate,1.4852218961580732e-05
Q21,GCA_900489665.1,LS483507.1,32597,33596,1077420,panel_match,-2,HGT_or_construct_candidate,7.498203776176715e-05
Q22,GCA_900489805.1,LS483516.1,25129,26128,1076320,panel_match,-2,HGT_or_construct_candidate,1.1028310903660188e-06
Q23,GCA_900489595.1,LS483510.1,32597,33596,1075685,panel_match,-2,HGT_or_construct_candidate,9.334257821350112e-05
Q24,GCA_900489685.1,LS483506.1,32597,33596,1075322,panel_match,-2,HGT_or_construct_candidate,7.337285023223394e-06
Q25,GCA_900489625.1,LS483508.1,32597,33596,1069002,panel_match,-2,HGT_or_construct_candidate,9.945090689697511e-05
Q26,GCA_900489555.1,LS483503.1,28053,29052,977253,panel_match,-2,HGT_or_construct_candidate,5.270083599007158e-05
Q27,GCA_900542995.1,UQPR01000065.1,8846,9845,9845,panel_match,1,uncertain,0.015456150748292596
Q28,GCA_900542995.1,UQPR01000070.1,1,1000,8629,panel_match,1,uncertain,0.032512257569392244
Q29,GCA_032884915.1,JAUZLJ010000040.1,639,1638,2276,GC_outlier,,uncertain,0.4468071424854451
Q30,GCA_032884595.1,JAUZLR010000026.1,426,1425,1851,GC_outlier,,uncertain,0.43929580655436895
Q31,GCA_051777485.1,JBPWPA010000050.1,352,1351,1702,GC_outlier,,uncertain,0.4332418371667044
Q32,GCA_032886615.1,JAUZJH010000027.1,195,1194,1389,GC_outlier,,uncertain,0.43060762168622335
Q33,GCA_032884785.1,JAUZLK010000059.1,649,1648,2296,GC_outlier,,uncertain,0.4252505572873036
Q34,GCA_037963665.1,JAOSIJ010000025.1,719,1718,2437,GC_outlier,,uncertain,0.423985353850561
Q35,GCA_032884595.1,JAUZLR010000019.1,998,1997,2995,GC_outlier,,uncertain,0.4214814951096686
Q36,GCA_032884915.1,JAUZLJ010000050.1,208,1207,1415,GC_outlier,,uncertain,0.42014453310937777
Q37,GCA_037963655.1,JAOSIN010000062.1,396,1395,1790,GC_outlier,,uncertain,0.41610761218845244
Q38,GCA_032884915.1,JAUZLJ010000038.1,777,1776,2553,GC_outlier,,uncertain,0.41126950352456165
Q39,GCA_032885015.1,JAUZLF010000035.1,71,1070,1140,GC_outlier,,uncertain,0.3980434149163238
Q40,GCA_030586715.1,JAOTKO010000023.1,674,1673,2347,GC_outlier,,uncertain,0.393552870949778
