grouping,group,category,n,flagged,rate,ci_low,ci_high
year,2004,adapter,1,0,0.0,0,0.7934567085261071
year,2004,foreign,1,0,0.0,0,0.7934567085261071
year,2004,vector,1,0,0.0,0,0.7934567085261071
year,2004,hgt,1,0,0.0,0,0.7934567085261071
year,2004,flagged,1,0,0.0,0,0.7934567085261071
year,2005,adapter,1,0,0.0,0,0.7934567085261071
year,2005,foreign,1,0,0.0,0,0.7934567085261071
year,2005,vector,1,0,0.0,0,0.7934567085261071
year,2005,hgt,1,0,0.0,0,0.7934567085261071
year,2005,flagged,1,0,0.0,0,0.7934567085261071
year,2006,adapter,1,0,0.0,0,0.7934567085261071
year,2006,foreign,1,0,0.0,0,0.7934567085261071
year,2006,vector,1,0,0.0,0,0.7934567085261071
year,2006,hgt,1,0,0.0,0,0.7934567085261071
year,2006,flagged,1,0,0.0,0,0.7934567085261071
year,2007,adapter,3,0,0.0,0,0.5615060804490177
year,2007,foreign,3,0,0.0,0,0.5615060804490177
year,2007,vector,3,1,0.3333333333333333,0.0614903152761605,0.7923450448735121
year,2007,hgt,3,0,0.0,0,0.5615060804490177
year,2007,flagged,3,0,0.0,0,0.5615060804490177
year,2008,adapter,2,0,0.0,0,0.6576280471103807
year,2008,foreign,2,0,0.0,0,0.6576280471103807
year,2008,vector,2,0,0.0,0,0.6576280471103807
year,2008,hgt,2,0,0.0,0,0.6576280471103807
year,2008,flagged,2,0,0.0,0,0.6576280471103807
year,2009,adapter,2,0,0.0,0,0.6576280471103807
year,2009,foreign,2,0,0.0,0,0.6576280471103807
year,2009,vector,2,2,1.0,0.34237195288961925,1
year,2009,hgt,2,2,1.0,0.34237195288961925,1
year,2009,flagged,2,0,0.0,0,0.6576280471103807
year,2010,adapter,3,0,0.0,0,0.5615060804490177
year,2010,foreign,3,0,0.0,0,0.5615060804490177
year,2010,vector,3,0,0.0,0,0.5615060804490177
year,2010,hgt,3,0,0.0,0,0.5615060804490177
year,2010,flagged,3,0,0.0,0,0.5615060804490177
year,2011,adapter,9,0,0.0,0,0.2991527535509594
year,2011,foreign,9,0,0.0,0,0.2991527535509594
year,2011,vector,9,0,0.0,0,0.2991527535509594
year,2011,hgt,9,0,0.0,0,0.2991527535509594
year,2011,flagged,9,0,0.0,0,0.2991527535509594
year,2012,adapter,7,3,0.42857142857142855,0.15821692226262685,0.7495457695909742
year,2012,foreign,7,0,0.0,0,0.35433884297520657
year,2012,vector,7,0,0.0,0,0.35433884297520657
year,2012,hgt,7,0,0.0,0,0.35433884297520657
year,2012,flagged,7,3,0.42857142857142855,0.15821692226262685,0.7495457695909742
year,2013,adapter,27,0,0.0,6.938893903907228e-18,0.12455903714463581
year,2013,foreign,27,0,0.0,6.938893903907228e-18,0.12455903714463581
year,2013,vector,27,1,0.037037037037037035,0.006567976533097597,0.1828385393415652
year,2013,hgt,27,0,0.0,6.938893903907228e-18,0.12455903714463581
year,2013,flagged,27,0,0.0,6.938893903907228e-18,0.12455903714463581
year,2014,adapter,36,0,0.0,0,0.09642183044857634
year,2014,foreign,36,0,0.0,0,0.09642183044857634
year,2014,vector,36,0,0.0,0,0.09642183044857634
year,2014,hgt,36,0,0.0,0,0.09642183044857634
year,2014,flagged,36,0,0.0,0,0.09642183044857634
year,2015,adapter,21,0,0.0,0,0.15464382326420195
year,2015,foreign,21,0,0.0,0,0.15464382326420195
year,2015,vector,21,1,0.047619047619047616,0.008455769471923294,0.22669816586235464
year,2015,hgt,21,1,0.047619047619047616,0.008455769471923294,0.22669816586235464
year,2015,flagged,21,0,0.0,0,0.15464382326420195
year,2016,adapter,30,1,0.03333333333333333,0.0059084379948573795,0.16670751396958874
year,2016,foreign,30,0,0.0,0,0.113517091390478
year,2016,vector,30,1,0.03333333333333333,0.0059084379948573795,0.16670751396958874
year,2016,hgt,30,0,0.0,0,0.113517091390478
year,2016,flagged,30,1,0.03333333333333333,0.0059084379948573795,0.16670751396958874
year,2017,adapter,57,0,0.0,0,0.06314100878346394
year,2017,foreign,57,0,0.0,0,0.06314100878346394
year,2017,vector,57,0,0.0,0,0.06314100878346394
year,2017,hgt,57,0,0.0,0,0.06314100878346394
year,2017,flagged,57,0,0.0,0,0.06314100878346394
year,2018,adapter,93,0,0.0,0,0.0396689026203615
year,2018,foreign,93,0,0.0,0,0.0396689026203615
year,2018,vector,93,1,0.010752688172043012,0.001900593097955601,0.05842059118648415
year,2018,hgt,93,0,0.0,0,0.0396689026203615
year,2018,flagged,93,0,0.0,0,0.0396689026203615
year,2019,adapter,123,7,0.056910569105691054,0.027837625142034084,0.1128228521777096
year,2019,foreign,123,0,0.0,0,0.03028659367273828
year,2019,vector,123,22,0.17886178861788618,0.12118768785846241,0.25598825441914996
year,2019,hgt,123,20,0.16260162601626016,0.1077947851092691,0.23784576184062745
year,2019,flagged,123,7,0.056910569105691054,0.027837625142034084,0.1128228521777096
year,2020,adapter,121,2,0.01652892561983471,0.004544498317862633,0.058267897550181344
year,2020,foreign,121,1,0.008264462809917356,0.001460335796523226,0.04533175914618817
year,2020,vector,121,6,0.049586776859504134,0.022921361584731133,0.10397223798464317
year,2020,hgt,121,0,0.0,0,0.03077179401737882
year,2020,flagged,121,3,0.024793388429752067,0.008467160919079428,0.07036553587429713
year,2021,adapter,179,8,0.0446927374301676,0.022817546303287715,0.08570042772450465
year,2021,foreign,179,0,0.0,1.734723475976807e-18,0.021010535895551116
year,2021,vector,179,1,0.00558659217877095,0.000986826956009823,0.03096213870607146
year,2021,hgt,179,0,0.0,1.734723475976807e-18,0.021010535895551116
year,2021,flagged,179,8,0.0446927374301676,0.022817546303287715,0.08570042772450465
year,2022,adapter,334,33,0.09880239520958084,0.07121955425654829,0.13550927961115777
year,2022,foreign,334,0,0.0,0,0.011371009372439627
year,2022,vector,334,2,0.005988023952095809,0.00164363662491754,0.02156724089875036
year,2022,hgt,334,0,0.0,0,0.011371009372439627
year,2022,flagged,334,33,0.09880239520958084,0.07121955425654829,0.13550927961115777
year,2023,adapter,1124,163,0.14501779359430605,0.12564093357126543,0.1668129003713733
year,2023,foreign,1124,2,0.0017793594306049821,0.0004880900157169473,0.00646465937746025
year,2023,vector,1124,2,0.0017793594306049821,0.0004880900157169473,0.00646465937746025
year,2023,hgt,1124,0,0.0,0,0.0034061520695814022
year,2023,flagged,1124,165,0.14679715302491103,0.12731059894437957,0.16868983232185497
year,2024,adapter,216,7,0.032407407407407406,0.015784935550468695,0.06537167903021121
year,2024,foreign,216,0,0.0,1.734723475976807e-18,0.017474399749637923
year,2024,vector,216,1,0.004629629629629629,0.0008176902813987127,0.025754168729816635
year,2024,hgt,216,0,0.0,1.734723475976807e-18,0.017474399749637923
year,2024,flagged,216,7,0.032407407407407406,0.015784935550468695,0.06537167903021121
year,2025,adapter,356,5,0.014044943820224719,0.006013596178836969,0.032452217668144594
year,2025,foreign,356,0,0.0,0,0.01067580846683652
year,2025,vector,356,2,0.0056179775280898875,0.0015419741911307152,0.020249836427763825
year,2025,hgt,356,0,0.0,0,0.01067580846683652
year,2025,flagged,356,5,0.014044943820224719,0.006013596178836969,0.032452217668144594
year,2026,adapter,260,14,0.05384615384615385,0.03234232148198591,0.08834221044929408
year,2026,foreign,260,0,0.0,0,0.014560251302296528
year,2026,vector,260,1,0.0038461538461538464,0.0006792460665055958,0.021461310995004035
year,2026,hgt,260,0,0.0,0,0.014560251302296528
year,2026,flagged,260,14,0.05384615384615385,0.03234232148198591,0.08834221044929408
era,<=2015,adapter,113,3,0.02654867256637168,0.009069309551816493,0.07516096459711677
era,<=2015,foreign,113,0,0.0,0,0.03287870073672391
era,<=2015,vector,113,5,0.04424778761061947,0.019045587730049336,0.09941906869369016
era,<=2015,hgt,113,3,0.02654867256637168,0.009069309551816493,0.07516096459711677
era,<=2015,flagged,113,3,0.02654867256637168,0.009069309551816493,0.07516096459711677
era,2016-2019,adapter,303,8,0.026402640264026403,0.013437923205604465,0.051226059774539034
era,2016-2019,foreign,303,0,0.0,0,0.012519814783914566
era,2016-2019,vector,303,24,0.07920792079207921,0.05380247652040525,0.11514984285219611
era,2016-2019,hgt,303,20,0.066006600660066,0.04313170370386604,0.09974853157062083
era,2016-2019,flagged,303,8,0.026402640264026403,0.013437923205604465,0.051226059774539034
era,2020-2022,adapter,634,43,0.06782334384858044,0.050739783461677124,0.09011274167936101
era,2020-2022,foreign,634,1,0.0015772870662460567,0.00027847701487952996,0.008879909644127972
era,2020-2022,vector,634,9,0.014195583596214511,0.007485902622593568,0.026757081842515004
era,2020-2022,hgt,634,0,0.0,0,0.006022811933244867
era,2020-2022,flagged,634,44,0.0694006309148265,0.05210173452403416,0.09188636534276662
era,2023-2026,adapter,1956,189,0.09662576687116564,0.08431202190541501,0.11052086663006663
era,2023-2026,foreign,1956,2,0.0010224948875255625,0.0002804439061843047,0.0037206957777574995
era,2023-2026,vector,1956,6,0.003067484662576687,0.0014065715532003142,0.006676530673020419
era,2023-2026,hgt,1956,0,0.0,0,0.001960158412802341
era,2023-2026,flagged,1956,191,0.09764826175869121,0.08527116117413704,0.11160270863248407
platform,Hybrid,adapter,111,0,0.0,0,0.03345129291127953
platform,Hybrid,foreign,111,0,0.0,0,0.03345129291127953
platform,Hybrid,vector,111,0,0.0,0,0.03345129291127953
platform,Hybrid,hgt,111,0,0.0,0,0.03345129291127953
platform,Hybrid,flagged,111,0,0.0,0,0.03345129291127953
platform,Long,adapter,236,0,0.0,0,0.016017238043775556
platform,Long,foreign,236,0,0.0,0,0.016017238043775556
platform,Long,vector,236,14,0.059322033898305086,0.035661909350314006,0.09709904621369157
platform,Long,hgt,236,1,0.00423728813559322,0.0007483581567834137,0.023607716852722855
platform,Long,flagged,236,0,0.0,0,0.016017238043775556
platform,Short,adapter,2486,218,0.08769106999195495,0.07719890457751778,0.09945554605098807
platform,Short,foreign,2486,3,0.0012067578439259854,0.000410482117599031,0.003542219130544626
platform,Short,vector,2486,6,0.002413515687851971,0.001106575691038858,0.005255917408923805
platform,Short,hgt,2486,0,0.0,0,0.0015429093963246496
platform,Short,flagged,2486,221,0.08889782783588093,0.07833523413193534,0.1007290083483895
platform,Unknown,adapter,173,25,0.14450867052023122,0.09983638514782188,0.20462591331588803
platform,Unknown,foreign,173,0,0.0,0,0.021723395400177335
platform,Unknown,vector,173,24,0.13872832369942195,0.09502869000488466,0.19812405233628388
platform,Unknown,hgt,173,22,0.12716763005780346,0.08549928232801371,0.1850343477680723
platform,Unknown,flagged,173,25,0.14450867052023122,0.09983638514782188,0.20462591331588803
taxon,Acholeplasma,adapter,71,1,0.014084507042253521,0.0024905391347781955,0.07556230847938292
taxon,Acholeplasma,foreign,71,1,0.014084507042253521,0.0024905391347781955,0.07556230847938292
taxon,Acholeplasma,vector,71,2,0.028169014084507043,0.007759100870383076,0.09701685261003423
taxon,Acholeplasma,hgt,71,0,0.0,0,0.05132974174790491
taxon,Acholeplasma,flagged,71,2,0.028169014084507043,0.007759100870383076,0.09701685261003423
taxon,Acholeplasmataceae,adapter,308,10,0.032467532467532464,0.017729379529719303,0.058724820294806995
taxon,Acholeplasmataceae,foreign,308,0,0.0,8.673617379884035e-19,0.012319074812340625
taxon,Acholeplasmataceae,vector,308,0,0.0,8.673617379884035e-19,0.012319074812340625
taxon,Acholeplasmataceae,hgt,308,0,0.0,8.673617379884035e-19,0.012319074812340625
taxon,Acholeplasmataceae,flagged,308,10,0.032467532467532464,0.017729379529719303,0.058724820294806995
taxon,Acholeplasmatales,adapter,80,5,0.0625,0.026988977697985535,0.1381032915335177
taxon,Acholeplasmatales,foreign,80,0,0.0,0,0.0458197362645751
taxon,Acholeplasmatales,vector,80,1,0.0125,0.002209918618306224,0.06746432423965451
taxon,Acholeplasmatales,hgt,80,0,0.0,0,0.0458197362645751
taxon,Acholeplasmatales,flagged,80,5,0.0625,0.026988977697985535,0.1381032915335177
taxon,Alteracholeplasma,adapter,1,0,0.0,0,0.7934567085261071
taxon,Alteracholeplasma,foreign,1,0,0.0,0,0.7934567085261071
taxon,Alteracholeplasma,vector,1,0,0.0,0,0.7934567085261071
taxon,Alteracholeplasma,hgt,1,0,0.0,0,0.7934567085261071
taxon,Alteracholeplasma,flagged,1,0,0.0,0,0.7934567085261071
taxon,Anaeroplasma,adapter,34,11,0.3235294117647059,0.19131451326458573,0.4915741595188061
taxon,Anaeroplasma,foreign,34,0,0.0,0,0.10151790621961015
taxon,Anaeroplasma,vector,34,0,0.0,0,0.10151790621961015
taxon,Anaeroplasma,hgt,34,0,0.0,0,0.10151790621961015
taxon,Anaeroplasma,flagged,34,11,0.3235294117647059,0.19131451326458573,0.4915741595188061
taxon,Anaeroplasmataceae,adapter,580,132,0.22758620689655173,0.1953214598205044,0.2634358469558542
taxon,Anaeroplasmataceae,foreign,580,1,0.0017241379310344827,0.00030440971173166347,0.009701043822240563
taxon,Anaeroplasmataceae,vector,580,0,0.0,0,0.006579866867999813
taxon,Anaeroplasmataceae,hgt,580,0,0.0,0,0.006579866867999813
taxon,Anaeroplasmataceae,flagged,580,133,0.2293103448275862,0.19694451152113088,0.2652383819212001
taxon,Anaeroplasmatales,adapter,2,0,0.0,0,0.6576280471103807
taxon,Anaeroplasmatales,foreign,2,0,0.0,0,0.6576280471103807
taxon,Anaeroplasmatales,vector,2,0,0.0,0,0.6576280471103807
taxon,Anaeroplasmatales,hgt,2,0,0.0,0,0.6576280471103807
taxon,Anaeroplasmatales,flagged,2,0,0.0,0,0.6576280471103807
taxon,Areca,adapter,1,0,0.0,0,0.7934567085261071
taxon,Areca,foreign,1,0,0.0,0,0.7934567085261071
taxon,Areca,vector,1,0,0.0,0,0.7934567085261071
taxon,Areca,hgt,1,0,0.0,0,0.7934567085261071
taxon,Areca,flagged,1,0,0.0,0,0.7934567085261071
taxon,Aster,adapter,1,0,0.0,0,0.7934567085261071
taxon,Aster,foreign,1,0,0.0,0,0.7934567085261071
taxon,Aster,vector,1,0,0.0,0,0.7934567085261071
taxon,Aster,hgt,1,0,0.0,0,0.7934567085261071
taxon,Aster,flagged,1,0,0.0,0,0.7934567085261071
taxon,Bathyoplasma,adapter,1,0,0.0,0,0.7934567085261071
taxon,Bathyoplasma,foreign,1,0,0.0,0,0.7934567085261071
taxon,Bathyoplasma,vector,1,0,0.0,0,0.7934567085261071
taxon,Bathyoplasma,hgt,1,0,0.0,0,0.7934567085261071
taxon,Bathyoplasma,flagged,1,0,0.0,0,0.7934567085261071
taxon,Brassica,adapter,1,0,0.0,0,0.7934567085261071
taxon,Brassica,foreign,1,0,0.0,0,0.7934567085261071
taxon,Brassica,vector,1,0,0.0,0,0.7934567085261071
taxon,Brassica,hgt,1,0,0.0,0,0.7934567085261071
taxon,Brassica,flagged,1,0,0.0,0,0.7934567085261071
taxon,Brinjal,adapter,1,0,0.0,0,0.7934567085261071
taxon,Brinjal,foreign,1,0,0.0,0,0.7934567085261071
taxon,Brinjal,vector,1,0,0.0,0,0.7934567085261071
taxon,Brinjal,hgt,1,0,0.0,0,0.7934567085261071
taxon,Brinjal,flagged,1,0,0.0,0,0.7934567085261071
taxon,Camptotheca,adapter,1,0,0.0,0,0.7934567085261071
taxon,Camptotheca,foreign,1,0,0.0,0,0.7934567085261071
taxon,Camptotheca,vector,1,0,0.0,0,0.7934567085261071
taxon,Camptotheca,hgt,1,0,0.0,0,0.7934567085261071
taxon,Camptotheca,flagged,1,0,0.0,0,0.7934567085261071
taxon,Catharanthus,adapter,1,0,0.0,0,0.7934567085261071
taxon,Catharanthus,foreign,1,0,0.0,0,0.7934567085261071
taxon,Catharanthus,vector,1,0,0.0,0,0.7934567085261071
taxon,Catharanthus,hgt,1,0,0.0,0,0.7934567085261071
taxon,Catharanthus,flagged,1,0,0.0,0,0.7934567085261071
taxon,Chrysanthemum,adapter,2,0,0.0,0,0.6576280471103807
taxon,Chrysanthemum,foreign,2,0,0.0,0,0.6576280471103807
taxon,Chrysanthemum,vector,2,0,0.0,0,0.6576280471103807
taxon,Chrysanthemum,hgt,2,0,0.0,0,0.6576280471103807
taxon,Chrysanthemum,flagged,2,0,0.0,0,0.6576280471103807
taxon,Columbia,adapter,2,0,0.0,0,0.6576280471103807
taxon,Columbia,foreign,2,0,0.0,0,0.6576280471103807
taxon,Columbia,vector,2,0,0.0,0,0.6576280471103807
taxon,Columbia,hgt,2,0,0.0,0,0.6576280471103807
taxon,Columbia,flagged,2,0,0.0,0,0.6576280471103807
taxon,Conium,adapter,1,0,0.0,0,0.7934567085261071
taxon,Conium,foreign,1,0,0.0,0,0.7934567085261071
taxon,Conium,vector,1,0,0.0,0,0.7934567085261071
taxon,Conium,hgt,1,0,0.0,0,0.7934567085261071
taxon,Conium,flagged,1,0,0.0,0,0.7934567085261071
taxon,Cynodon,adapter,1,0,0.0,0,0.7934567085261071
taxon,Cynodon,foreign,1,0,0.0,0,0.7934567085261071
taxon,Cynodon,vector,1,0,0.0,0,0.7934567085261071
taxon,Cynodon,hgt,1,0,0.0,0,0.7934567085261071
taxon,Cynodon,flagged,1,0,0.0,0,0.7934567085261071
taxon,Elaeagnus,adapter,1,0,0.0,0,0.7934567085261071
taxon,Elaeagnus,foreign,1,0,0.0,0,0.7934567085261071
taxon,Elaeagnus,vector,1,0,0.0,0,0.7934567085261071
taxon,Elaeagnus,hgt,1,0,0.0,0,0.7934567085261071
taxon,Elaeagnus,flagged,1,0,0.0,0,0.7934567085261071
taxon,Entomoplasma,adapter,4,0,0.0,0,0.48990002040399916
taxon,Entomoplasma,foreign,4,0,0.0,0,0.48990002040399916
taxon,Entomoplasma,vector,4,0,0.0,0,0.48990002040399916
taxon,Entomoplasma,hgt,4,0,0.0,0,0.48990002040399916
taxon,Entomoplasma,flagged,4,0,0.0,0,0.48990002040399916
taxon,Entomoplasmatales,adapter,4,1,0.25,0.045586062644636216,0.6993639475573634
taxon,Entomoplasmatales,foreign,4,0,0.0,0,0.48990002040399916
taxon,Entomoplasmatales,vector,4,0,0.0,0,0.48990002040399916
taxon,Entomoplasmatales,hgt,4,0,0.0,0,0.48990002040399916
taxon,Entomoplasmatales,flagged,4,1,0.25,0.045586062644636216,0.6993639475573634
taxon,Fragaria,adapter,1,0,0.0,0,0.7934567085261071
taxon,Fragaria,foreign,1,0,0.0,0,0.7934567085261071
taxon,Fragaria,vector,1,0,0.0,0,0.7934567085261071
taxon,Fragaria,hgt,1,0,0.0,0,0.7934567085261071
taxon,Fragaria,flagged,1,0,0.0,0,0.7934567085261071
taxon,Haloplasma,adapter,4,0,0.0,0,0.48990002040399916
taxon,Haloplasma,foreign,4,0,0.0,0,0.48990002040399916
taxon,Haloplasma,vector,4,0,0.0,0,0.48990002040399916
taxon,Haloplasma,hgt,4,0,0.0,0,0.48990002040399916
taxon,Haloplasma,flagged,4,0,0.0,0,0.48990002040399916
taxon,Haloplasmataceae,adapter,8,0,0.0,0,0.3244156195108769
taxon,Haloplasmataceae,foreign,8,0,0.0,0,0.3244156195108769
taxon,Haloplasmataceae,vector,8,0,0.0,0,0.3244156195108769
taxon,Haloplasmataceae,hgt,8,0,0.0,0,0.3244156195108769
taxon,Haloplasmataceae,flagged,8,0,0.0,0,0.3244156195108769
taxon,Haloplasmatales,adapter,1,0,0.0,0,0.7934567085261071
taxon,Haloplasmatales,foreign,1,0,0.0,0,0.7934567085261071
taxon,Haloplasmatales,vector,1,0,0.0,0,0.7934567085261071
taxon,Haloplasmatales,hgt,1,0,0.0,0,0.7934567085261071
taxon,Haloplasmatales,flagged,1,0,0.0,0,0.7934567085261071
taxon,Haploplasma,adapter,5,0,0.0,0,0.43449149475208104
taxon,Haploplasma,foreign,5,0,0.0,0,0.43449149475208104
taxon,Haploplasma,vector,5,2,0.4,0.1176182311592533,0.769280067791163
taxon,Haploplasma,hgt,5,0,0.0,0,0.43449149475208104
taxon,Haploplasma,flagged,5,0,0.0,0,0.43449149475208104
taxon,Hepatoplasma,adapter,5,0,0.0,0,0.43449149475208104
taxon,Hepatoplasma,foreign,5,0,0.0,0,0.43449149475208104
taxon,Hepatoplasma,vector,5,0,0.0,0,0.43449149475208104
taxon,Hepatoplasma,hgt,5,0,0.0,0,0.43449149475208104
taxon,Hepatoplasma,flagged,5,0,0.0,0,0.43449149475208104
taxon,Hujiaoplasma,adapter,2,0,0.0,0,0.6576280471103807
taxon,Hujiaoplasma,foreign,2,0,0.0,0,0.6576280471103807
taxon,Hujiaoplasma,vector,2,0,0.0,0,0.6576280471103807
taxon,Hujiaoplasma,hgt,2,0,0.0,0,0.6576280471103807
taxon,Hujiaoplasma,flagged,2,0,0.0,0,0.6576280471103807
taxon,Hujiaoplasmataceae,adapter,6,0,0.0,0,0.3903430336530645
taxon,Hujiaoplasmataceae,foreign,6,0,0.0,0,0.3903430336530645
taxon,Hujiaoplasmataceae,vector,6,0,0.0,0,0.3903430336530645
taxon,Hujiaoplasmataceae,hgt,6,0,0.0,0,0.3903430336530645
taxon,Hujiaoplasmataceae,flagged,6,0,0.0,0,0.3903430336530645
taxon,Hydrangea,adapter,2,0,0.0,0,0.6576280471103807
taxon,Hydrangea,foreign,2,0,0.0,0,0.6576280471103807
taxon,Hydrangea,vector,2,0,0.0,0,0.6576280471103807
taxon,Hydrangea,hgt,2,0,0.0,0,0.6576280471103807
taxon,Hydrangea,flagged,2,0,0.0,0,0.6576280471103807
taxon,Italian,adapter,1,0,0.0,0,0.7934567085261071
taxon,Italian,foreign,1,0,0.0,0,0.7934567085261071
taxon,Italian,vector,1,0,0.0,0,0.7934567085261071
taxon,Italian,hgt,1,0,0.0,0,0.7934567085261071
taxon,Italian,flagged,1,0,0.0,0,0.7934567085261071
taxon,Izemobacterium,adapter,1,0,0.0,0,0.7934567085261071
taxon,Izemobacterium,foreign,1,0,0.0,0,0.7934567085261071
taxon,Izemobacterium,vector,1,0,0.0,0,0.7934567085261071
taxon,Izemobacterium,hgt,1,0,0.0,0,0.7934567085261071
taxon,Izemobacterium,flagged,1,0,0.0,0,0.7934567085261071
taxon,Izemoplasma,adapter,45,1,0.022222222222222223,0.003933497522757505,0.11566946388718813
taxon,Izemoplasma,foreign,45,0,0.0,0,0.07865426194064076
taxon,Izemoplasma,vector,45,0,0.0,0,0.07865426194064076
taxon,Izemoplasma,hgt,45,0,0.0,0,0.07865426194064076
taxon,Izemoplasma,flagged,45,1,0.022222222222222223,0.003933497522757505,0.11566946388718813
taxon,Izemoplasmataceae,adapter,13,0,0.0,0,0.22810184305529166
taxon,Izemoplasmataceae,foreign,13,0,0.0,0,0.22810184305529166
taxon,Izemoplasmataceae,vector,13,0,0.0,0,0.22810184305529166
taxon,Izemoplasmataceae,hgt,13,0,0.0,0,0.22810184305529166
taxon,Izemoplasmataceae,flagged,13,0,0.0,0,0.22810184305529166
taxon,Izemoplasmatales,adapter,112,4,0.03571428571428571,0.01397438629425541,0.08824795870097946
taxon,Izemoplasmatales,foreign,112,0,0.0,0,0.03316252537948371
taxon,Izemoplasmatales,vector,112,0,0.0,0,0.03316252537948371
taxon,Izemoplasmatales,hgt,112,0,0.0,0,0.03316252537948371
taxon,Izemoplasmatales,flagged,112,4,0.03571428571428571,0.01397438629425541,0.08824795870097946
taxon,Izimoplasma,adapter,3,0,0.0,0,0.5615060804490177
taxon,Izimoplasma,foreign,3,0,0.0,0,0.5615060804490177
taxon,Izimoplasma,vector,3,0,0.0,0,0.5615060804490177
taxon,Izimoplasma,hgt,3,0,0.0,0,0.5615060804490177
taxon,Izimoplasma,flagged,3,0,0.0,0,0.5615060804490177
taxon,Lettuce,adapter,1,0,0.0,0,0.7934567085261071
taxon,Lettuce,foreign,1,0,0.0,0,0.7934567085261071
taxon,Lettuce,vector,1,0,0.0,0,0.7934567085261071
taxon,Lettuce,hgt,1,0,0.0,0,0.7934567085261071
taxon,Lettuce,flagged,1,0,0.0,0,0.7934567085261071
taxon,Liberiplasma,adapter,1,0,0.0,0,0.7934567085261071
taxon,Liberiplasma,foreign,1,0,0.0,0,0.7934567085261071
taxon,Liberiplasma,vector,1,0,0.0,0,0.7934567085261071
taxon,Liberiplasma,hgt,1,0,0.0,0,0.7934567085261071
taxon,Liberiplasma,flagged,1,0,0.0,0,0.7934567085261071
taxon,Mariniplasma,adapter,19,0,0.0,0,0.16818436536845052
taxon,Mariniplasma,foreign,19,0,0.0,0,0.16818436536845052
taxon,Mariniplasma,vector,19,0,0.0,0,0.16818436536845052
taxon,Mariniplasma,hgt,19,0,0.0,0,0.16818436536845052
taxon,Mariniplasma,flagged,19,0,0.0,0,0.16818436536845052
taxon,Mesoplasma,adapter,40,0,0.0,0,0.08762453925039232
taxon,Mesoplasma,foreign,40,0,0.0,0,0.08762453925039232
taxon,Mesoplasma,vector,40,0,0.0,0,0.08762453925039232
taxon,Mesoplasma,hgt,40,0,0.0,0,0.08762453925039232
taxon,Mesoplasma,flagged,40,0,0.0,0,0.08762453925039232
taxon,Milkweed,adapter,1,1,1.0,0.20654329147389294,1
taxon,Milkweed,foreign,1,0,0.0,0,0.7934567085261071
taxon,Milkweed,vector,1,0,0.0,0,0.7934567085261071
taxon,Milkweed,hgt,1,0,0.0,0,0.7934567085261071
taxon,Milkweed,flagged,1,1,1.0,0.20654329147389294,1
taxon,Moeniiplasma,adapter,7,0,0.0,0,0.35433884297520657
taxon,Moeniiplasma,foreign,7,0,0.0,0,0.35433884297520657
taxon,Moeniiplasma,vector,7,0,0.0,0,0.35433884297520657
taxon,Moeniiplasma,hgt,7,0,0.0,0,0.35433884297520657
taxon,Moeniiplasma,flagged,7,0,0.0,0,0.35433884297520657
taxon,Mollicutes,adapter,335,31,0.09253731343283582,0.0659576468399133,0.12835615642391263
taxon,Mollicutes,foreign,335,1,0.0029850746268656717,0.0005271198970087636,0.016712793974251433
taxon,Mollicutes,vector,335,2,0.005970149253731343,0.0016387256581546772,0.02150365119285771
taxon,Mollicutes,hgt,335,0,0.0,0,0.011337450891508009
taxon,Mollicutes,flagged,335,32,0.0955223880597015,0.06847649438821621,0.13173977185536193
taxon,Mulberry,adapter,2,0,0.0,0,0.6576280471103807
taxon,Mulberry,foreign,2,0,0.0,0,0.6576280471103807
taxon,Mulberry,vector,2,0,0.0,0,0.6576280471103807
taxon,Mulberry,hgt,2,0,0.0,0,0.6576280471103807
taxon,Mulberry,flagged,2,0,0.0,0,0.6576280471103807
taxon,Mycoplasma,adapter,594,22,0.037037037037037035,0.024583798082062982,0.055440074462102557
taxon,Mycoplasma,foreign,594,0,0.0,0,0.006425782347698788
taxon,Mycoplasma,vector,594,27,0.045454545454545456,0.03142437516972117,0.06532633605545955
taxon,Mycoplasma,hgt,594,23,0.03872053872053872,0.025937827287529615,0.05743141299283896
taxon,Mycoplasma,flagged,594,22,0.037037037037037035,0.024583798082062982,0.055440074462102557
taxon,Mycoplasmataceae,adapter,117,5,0.042735042735042736,0.018389559879770763,0.0961537761899271
taxon,Mycoplasmataceae,foreign,117,0,0.0,0,0.03179037682387522
taxon,Mycoplasmataceae,vector,117,0,0.0,0,0.03179037682387522
taxon,Mycoplasmataceae,hgt,117,0,0.0,0,0.03179037682387522
taxon,Mycoplasmataceae,flagged,117,5,0.042735042735042736,0.018389559879770763,0.0961537761899271
taxon,Mycoplasmatales,adapter,86,6,0.06976744186046512,0.03236497351786072,0.14396314174277575
taxon,Mycoplasmatales,foreign,86,0,0.0,0,0.042759701519118086
taxon,Mycoplasmatales,vector,86,0,0.0,0,0.042759701519118086
taxon,Mycoplasmatales,hgt,86,0,0.0,0,0.042759701519118086
taxon,Mycoplasmatales,flagged,86,6,0.06976744186046512,0.03236497351786072,0.14396314174277575
taxon,New,adapter,1,0,0.0,0,0.7934567085261071
taxon,New,foreign,1,0,0.0,0,0.7934567085261071
taxon,New,vector,1,0,0.0,0,0.7934567085261071
taxon,New,hgt,1,0,0.0,0,0.7934567085261071
taxon,New,flagged,1,0,0.0,0,0.7934567085261071
taxon,Onion,adapter,1,0,0.0,0,0.7934567085261071
taxon,Onion,foreign,1,0,0.0,0,0.7934567085261071
taxon,Onion,vector,1,0,0.0,0,0.7934567085261071
taxon,Onion,hgt,1,0,0.0,0,0.7934567085261071
taxon,Onion,flagged,1,0,0.0,0,0.7934567085261071
taxon,Paracholeplasma,adapter,8,0,0.0,0,0.3244156195108769
taxon,Paracholeplasma,foreign,8,0,0.0,0,0.3244156195108769
taxon,Paracholeplasma,vector,8,0,0.0,0,0.3244156195108769
taxon,Paracholeplasma,hgt,8,0,0.0,0,0.3244156195108769
taxon,Paracholeplasma,flagged,8,0,0.0,0,0.3244156195108769
taxon,Paulownia,adapter,2,0,0.0,0,0.6576280471103807
taxon,Paulownia,foreign,2,0,0.0,0,0.6576280471103807
taxon,Paulownia,vector,2,0,0.0,0,0.6576280471103807
taxon,Paulownia,hgt,2,0,0.0,0,0.6576280471103807
taxon,Paulownia,flagged,2,0,0.0,0,0.6576280471103807
taxon,Peanut,adapter,1,0,0.0,0,0.7934567085261071
taxon,Peanut,foreign,1,0,0.0,0,0.7934567085261071
taxon,Peanut,vector,1,0,0.0,0,0.7934567085261071
taxon,Peanut,hgt,1,0,0.0,0,0.7934567085261071
taxon,Peanut,flagged,1,0,0.0,0,0.7934567085261071
taxon,Pelethenecus,adapter,15,5,0.3333333333333333,0.15176100694691236,0.5828687484878701
taxon,Pelethenecus,foreign,15,0,0.0,0,0.20388926630434784
taxon,Pelethenecus,vector,15,0,0.0,0,0.20388926630434784
taxon,Pelethenecus,hgt,15,0,0.0,0,0.20388926630434784
taxon,Pelethenecus,flagged,15,5,0.3333333333333333,0.15176100694691236,0.5828687484878701
taxon,Peloplasma,adapter,2,0,0.0,0,0.6576280471103807
taxon,Peloplasma,foreign,2,0,0.0,0,0.6576280471103807
taxon,Peloplasma,vector,2,0,0.0,0,0.6576280471103807
taxon,Peloplasma,hgt,2,0,0.0,0,0.6576280471103807
taxon,Peloplasma,flagged,2,0,0.0,0,0.6576280471103807
taxon,Periwinkle,adapter,1,0,0.0,0,0.7934567085261071
taxon,Periwinkle,foreign,1,0,0.0,0,0.7934567085261071
taxon,Periwinkle,vector,1,0,0.0,0,0.7934567085261071
taxon,Periwinkle,hgt,1,0,0.0,0,0.7934567085261071
taxon,Periwinkle,flagged,1,0,0.0,0,0.7934567085261071
taxon,Phytoplasma,adapter,242,5,0.02066115702479339,0.008856592537603413,0.04744632771673922
taxon,Phytoplasma,foreign,242,0,0.0,0,0.01562632198944361
taxon,Phytoplasma,vector,242,0,0.0,0,0.01562632198944361
taxon,Phytoplasma,hgt,242,0,0.0,0,0.01562632198944361
taxon,Phytoplasma,flagged,242,5,0.02066115702479339,0.008856592537603413,0.04744632771673922
taxon,Pigeon,adapter,11,0,0.0,2.7755575615628914e-17,0.2588400172488141
taxon,Pigeon,foreign,11,0,0.0,2.7755575615628914e-17,0.2588400172488141
taxon,Pigeon,vector,11,0,0.0,2.7755575615628914e-17,0.2588400172488141
taxon,Pigeon,hgt,11,0,0.0,2.7755575615628914e-17,0.2588400172488141
taxon,Pigeon,flagged,11,0,0.0,2.7755575615628914e-17,0.2588400172488141
taxon,Poinsettia,adapter,1,1,1.0,0.20654329147389294,1
taxon,Poinsettia,foreign,1,0,0.0,0,0.7934567085261071
taxon,Poinsettia,vector,1,0,0.0,0,0.7934567085261071
taxon,Poinsettia,hgt,1,0,0.0,0,0.7934567085261071
taxon,Poinsettia,flagged,1,1,1.0,0.20654329147389294,1
taxon,Prunus,adapter,2,0,0.0,0,0.6576280471103807
taxon,Prunus,foreign,2,0,0.0,0,0.6576280471103807
taxon,Prunus,vector,2,0,0.0,0,0.6576280471103807
taxon,Prunus,hgt,2,0,0.0,0,0.6576280471103807
taxon,Prunus,flagged,2,0,0.0,0,0.6576280471103807
taxon,Rapeseed,adapter,1,0,0.0,0,0.7934567085261071
taxon,Rapeseed,foreign,1,0,0.0,0,0.7934567085261071
taxon,Rapeseed,vector,1,0,0.0,0,0.7934567085261071
taxon,Rapeseed,hgt,1,0,0.0,0,0.7934567085261071
taxon,Rapeseed,flagged,1,0,0.0,0,0.7934567085261071
taxon,Rhus,adapter,1,0,0.0,0,0.7934567085261071
taxon,Rhus,foreign,1,0,0.0,0,0.7934567085261071
taxon,Rhus,vector,1,0,0.0,0,0.7934567085261071
taxon,Rhus,hgt,1,0,0.0,0,0.7934567085261071
taxon,Rhus,flagged,1,0,0.0,0,0.7934567085261071
taxon,Rice,adapter,1,0,0.0,0,0.7934567085261071
taxon,Rice,foreign,1,0,0.0,0,0.7934567085261071
taxon,Rice,vector,1,0,0.0,0,0.7934567085261071
taxon,Rice,hgt,1,0,0.0,0,0.7934567085261071
taxon,Rice,flagged,1,0,0.0,0,0.7934567085261071
taxon,Santalum,adapter,1,0,0.0,0,0.7934567085261071
taxon,Santalum,foreign,1,0,0.0,0,0.7934567085261071
taxon,Santalum,vector,1,0,0.0,0,0.7934567085261071
taxon,Santalum,hgt,1,0,0.0,0,0.7934567085261071
taxon,Santalum,flagged,1,0,0.0,0,0.7934567085261071
taxon,Sesame,adapter,1,0,0.0,0,0.7934567085261071
taxon,Sesame,foreign,1,0,0.0,0,0.7934567085261071
taxon,Sesame,vector,1,0,0.0,0,0.7934567085261071
taxon,Sesame,hgt,1,0,0.0,0,0.7934567085261071
taxon,Sesame,flagged,1,0,0.0,0,0.7934567085261071
taxon,Spiroplasma,adapter,181,1,0.0055248618784530384,0.0009759153318539288,0.03062736012129081
taxon,Spiroplasma,foreign,181,0,0.0,0,0.02078320031854301
taxon,Spiroplasma,vector,181,10,0.055248618784530384,0.030283147803634218,0.09870080386092611
taxon,Spiroplasma,hgt,181,0,0.0,0,0.02078320031854301
taxon,Spiroplasma,flagged,181,1,0.0055248618784530384,0.0009759153318539288,0.03062736012129081
taxon,Spiroplasmataceae,adapter,2,0,0.0,0,0.6576280471103807
taxon,Spiroplasmataceae,foreign,2,0,0.0,0,0.6576280471103807
taxon,Spiroplasmataceae,vector,2,0,0.0,0,0.6576280471103807
taxon,Spiroplasmataceae,hgt,2,0,0.0,0,0.6576280471103807
taxon,Spiroplasmataceae,flagged,2,0,0.0,0,0.6576280471103807
taxon,Strawberry,adapter,1,0,0.0,0,0.7934567085261071
taxon,Strawberry,foreign,1,0,0.0,0,0.7934567085261071
taxon,Strawberry,vector,1,0,0.0,0,0.7934567085261071
taxon,Strawberry,hgt,1,0,0.0,0,0.7934567085261071
taxon,Strawberry,flagged,1,0,0.0,0,0.7934567085261071
taxon,Texas,adapter,1,0,0.0,0,0.7934567085261071
taxon,Texas,foreign,1,0,0.0,0,0.7934567085261071
taxon,Texas,vector,1,0,0.0,0,0.7934567085261071
taxon,Texas,hgt,1,0,0.0,0,0.7934567085261071
taxon,Texas,flagged,1,0,0.0,0,0.7934567085261071
taxon,Tullyiplasma,adapter,1,0,0.0,0,0.7934567085261071
taxon,Tullyiplasma,foreign,1,0,0.0,0,0.7934567085261071
taxon,Tullyiplasma,vector,1,0,0.0,0,0.7934567085261071
taxon,Tullyiplasma,hgt,1,0,0.0,0,0.7934567085261071
taxon,Tullyiplasma,flagged,1,0,0.0,0,0.7934567085261071
taxon,Tyloplasma,adapter,1,0,0.0,0,0.7934567085261071
taxon,Tyloplasma,foreign,1,0,0.0,0,0.7934567085261071
taxon,Tyloplasma,vector,1,0,0.0,0,0.7934567085261071
taxon,Tyloplasma,hgt,1,0,0.0,0,0.7934567085261071
taxon,Tyloplasma,flagged,1,0,0.0,0,0.7934567085261071
taxon,Vaccinium,adapter,1,1,1.0,0.20654329147389294,1
taxon,Vaccinium,foreign,1,0,0.0,0,0.7934567085261071
taxon,Vaccinium,vector,1,0,0.0,0,0.7934567085261071
taxon,Vaccinium,hgt,1,0,0.0,0,0.7934567085261071
taxon,Vaccinium,flagged,1,1,1.0,0.20654329147389294,1
taxon,Vigna,adapter,1,0,0.0,0,0.7934567085261071
taxon,Vigna,foreign,1,0,0.0,0,0.7934567085261071
taxon,Vigna,vector,1,0,0.0,0,0.7934567085261071
taxon,Vigna,hgt,1,0,0.0,0,0.7934567085261071
taxon,Vigna,flagged,1,0,0.0,0,0.7934567085261071
taxon,Waltheria,adapter,1,0,0.0,0,0.7934567085261071
taxon,Waltheria,foreign,1,0,0.0,0,0.7934567085261071
taxon,Waltheria,vector,1,0,0.0,0,0.7934567085261071
taxon,Waltheria,hgt,1,0,0.0,0,0.7934567085261071
taxon,Waltheria,flagged,1,0,0.0,0,0.7934567085261071
taxon,Williamsoniiplasma,adapter,7,0,0.0,0,0.35433884297520657
taxon,Williamsoniiplasma,foreign,7,0,0.0,0,0.35433884297520657
taxon,Williamsoniiplasma,vector,7,0,0.0,0,0.35433884297520657
taxon,Williamsoniiplasma,hgt,7,0,0.0,0,0.35433884297520657
taxon,Williamsoniiplasma,flagged,7,0,0.0,0,0.35433884297520657
taxon,Xianfuyuplasma,adapter,4,0,0.0,0,0.48990002040399916
taxon,Xianfuyuplasma,foreign,4,0,0.0,0,0.48990002040399916
taxon,Xianfuyuplasma,vector,4,0,0.0,0,0.48990002040399916
taxon,Xianfuyuplasma,hgt,4,0,0.0,0,0.48990002040399916
taxon,Xianfuyuplasma,flagged,4,0,0.0,0,0.48990002040399916
taxon,endosymbiont,adapter,2,0,0.0,0,0.6576280471103807
taxon,endosymbiont,foreign,2,0,0.0,0,0.6576280471103807
taxon,endosymbiont,vector,2,0,0.0,0,0.6576280471103807
taxon,endosymbiont,hgt,2,0,0.0,0,0.6576280471103807
taxon,endosymbiont,flagged,2,0,0.0,0,0.6576280471103807
taxon,symbiont,adapter,1,0,0.0,0,0.7934567085261071
taxon,symbiont,foreign,1,0,0.0,0,0.7934567085261071
taxon,symbiont,vector,1,0,0.0,0,0.7934567085261071
taxon,symbiont,hgt,1,0,0.0,0,0.7934567085261071
taxon,symbiont,flagged,1,0,0.0,0,0.7934567085261071
