run,cycle,mean_phred
ERR14335636,1,31.5307
ERR14335636,2,31.59455
ERR14335636,3,31.6739
ERR14335636,4,31.70485
ERR14335636,5,31.70815
ERR14335636,6,35.4912
ERR14335636,7,35.4487
ERR14335636,8,35.4142
ERR14335636,9,35.46065
ERR14335636,10,35.43325
ERR14335636,11,35.4908
ERR14335636,12,35.42595
ERR14335636,13,35.4741
ERR14335636,14,35.41725
ERR14335636,15,35.40755
ERR14335636,16,35.4717
ERR14335636,17,35.44025
ERR14335636,18,35.45
ERR14335636,19,35.41185
ERR14335636,20,35.43395
ERR14335636,21,35.42895
ERR14335636,22,35.42895
ERR14335636,23,35.3973
ERR14335636,24,35.3591
ERR14335636,25,35.33935
ERR14335636,26,35.3607
ERR14335636,27,35.33085
ERR14335636,28,35.3032
ERR14335636,29,35.3013
ERR14335636,30,35.31705
ERR14335636,31,35.26092827848355
ERR14335636,32,35.29763929178753
ERR14335636,33,35.191207362208665
ERR14335636,34,35.26808404202101
ERR14335636,35,35.18756253752252
ERR14335636,36,35.221783069841905
ERR14335636,37,35.18496097658595
ERR14335636,38,35.13593155893536
ERR14335636,39,35.141835101060636
ERR14335636,40,35.14956965572458
ERR14335636,41,35.124117912016416
ERR14335636,42,35.16807648030432
ERR14335636,43,35.09210592181008
ERR14335636,44,35.069050122677886
ERR14335636,45,35.059842756272225
ERR14335636,46,35.09220213352031
ERR14335636,47,35.02009018036072
ERR14335636,48,35.04545910184443
ERR14335636,49,35.02576570254148
ERR14335636,50,34.95222339198877
ERR14335636,51,34.967711205815995
ERR14335636,52,35.00350982751705
ERR14335636,53,34.934898184371555
ERR14335636,54,34.944458381415885
ERR14335636,55,34.89987452948557
ERR14335636,56,34.87573400250941
ERR14335636,57,34.868557089084064
ERR14335636,58,34.816917670682734
ERR14335636,59,34.88503438927657
ERR14335636,60,34.79845272782076
ERR14335636,61,34.791396552590584
ERR14335636,62,34.73108821311887
ERR14335636,63,34.72938040635687
ERR14335636,64,34.74070720788693
ERR14335636,65,34.657794102847944
ERR14335636,66,34.55918634509843
ERR14335636,67,34.667052896725444
ERR14335636,68,34.662180553455315
ERR14335636,69,34.59087011349306
ERR14335636,70,34.517584136434735
ERR14335636,71,34.470840696793736
ERR14335636,72,34.51159500833628
ERR14335636,73,34.43801485824026
ERR14335636,74,34.46535855163346
ERR14335636,75,34.386090035407186
ERR14335636,76,34.35085500354143
ERR14335636,77,34.347691840453535
ERR14335636,78,34.381398410207076
ERR14335636,79,34.3077897082658
ERR14335636,80,34.30484777873461
ERR14335636,81,34.26435558258578
ERR14335636,82,34.27216024340771
ERR14335636,83,34.25420977885981
ERR14335636,84,34.19051002283685
ERR14335636,85,34.19432458500432
ERR14335636,86,34.17412278474585
ERR14335636,87,34.09156467421665
ERR14335636,88,34.067374625273104
ERR14335636,89,34.0181956797967
ERR14335636,90,34.054702592780885
ERR14335636,91,34.040687620791374
ERR14335636,92,33.999847351549384
ERR14335636,93,33.983712526085405
ERR14335636,94,33.91644177402108
ERR14335636,95,33.89110171649774
ERR14335636,96,33.90778406484172
ERR14335636,97,33.886747233695374
ERR14335636,98,33.848574488703015
ERR14335636,99,33.84837195059712
ERR14335636,100,33.83706918560122
ERR14335636,101,33.831298216931486
ERR14335636,102,33.8000409123453
ERR14335636,103,33.78608339728831
ERR14335636,104,33.74089048106448
ERR14335636,105,33.66209297562973
ERR14335636,106,33.67180458828349
ERR14335636,107,33.70415535174463
ERR14335636,108,33.74675890340764
ERR14335636,109,33.62638376383764
ERR14335636,110,33.636009432994975
ERR14335636,111,33.582329111327624
ERR14335636,112,33.48456251923274
ERR14335636,113,33.465196204154914
ERR14335636,114,33.50620767494357
ERR14335636,115,33.41085907831263
ERR14335636,116,33.36565708418891
ERR14335636,117,33.24390243902439
ERR14335636,118,33.24904982023626
ERR14335636,119,33.22499100858038
ERR14335636,120,33.25057825751735
ERR14335636,121,33.1862271137626
ERR14335636,122,33.15731261896188
ERR14335636,123,33.08612883309323
ERR14335636,124,33.08709527976527
ERR14335636,125,33.17764275783945
ERR14335636,126,32.99716699289173
ERR14335636,127,32.97346044833806
ERR14335636,128,32.901752577319584
ERR14335636,129,32.84526142105806
ERR14335636,130,32.800422876592236
ERR14335636,131,32.739668781922305
ERR14335636,132,32.70486218643543
ERR14335636,133,32.56628123064216
ERR14335636,134,32.38595404079525
ERR14335636,135,32.38207644628099
ERR14335636,136,32.282590716427165
ERR14335636,137,32.211832850641294
ERR14335636,138,32.14633893919793
ERR14335636,139,32.15974523612262
ERR14335636,140,31.931046987514893
ERR14335636,141,32.09567741266715
ERR14335636,142,31.974650077760497
ERR14335636,143,31.827940261356567
ERR14335636,144,31.785247432306257
ERR14335636,145,31.79176177630214
ERR14335636,146,31.47498702646601
ERR14335636,147,31.398484140580386
ERR14335636,148,31.52545729324092
ERR14335636,149,31.327070248588168
ERR14335636,150,31.4171498661909
ERR14335636,151,26.764338406326843
ERR14335635,1,31.5857
ERR14335635,2,31.66655
ERR14335635,3,31.7217
ERR14335635,4,31.7272
ERR14335635,5,31.73425
ERR14335635,6,35.5137
ERR14335635,7,35.52525
ERR14335635,8,35.46755
ERR14335635,9,35.4981
ERR14335635,10,35.49885
ERR14335635,11,35.5339
ERR14335635,12,35.46925
ERR14335635,13,35.5285
ERR14335635,14,35.4705
ERR14335635,15,35.47185
ERR14335635,16,35.49795
ERR14335635,17,35.498
ERR14335635,18,35.4691
ERR14335635,19,35.4407
ERR14335635,20,35.4321
ERR14335635,21,35.47255
ERR14335635,22,35.4728
ERR14335635,23,35.4237
ERR14335635,24,35.3931
ERR14335635,25,35.41805
ERR14335635,26,35.37765
ERR14335635,27,35.3391
ERR14335635,28,35.30105
ERR14335635,29,35.3516
ERR14335635,30,35.26575
ERR14335635,31,35.223994798959794
ERR14335635,32,35.201640328065615
ERR14335635,33,35.22166649994998
ERR14335635,34,35.201901426069554
ERR14335635,35,35.14109815306071
ERR14335635,36,35.09459932929576
ERR14335635,37,35.179724655819776
ERR14335635,38,35.12826032540676
ERR14335635,39,35.08253205128205
ERR14335635,40,35.022443765342416
ERR14335635,41,35.06322328540654
ERR14335635,42,35.07221247807567
ERR14335635,43,35.04155180191469
ERR14335635,44,35.00381105205095
ERR14335635,45,34.976625200642054
ERR14335635,46,34.9758141401977
ERR14335635,47,34.93736511919699
ERR14335635,48,34.97122916248242
ERR14335635,49,34.9398322535282
ERR14335635,50,34.92297643571321
ERR14335635,51,34.82865041467706
ERR14335635,52,34.89935113927871
ERR14335635,53,34.85880340160016
ERR14335635,54,34.867485650991846
ERR14335635,55,34.8453130509243
ERR14335635,56,34.790916880891174
ERR14335635,57,34.744427634896624
ERR14335635,58,34.81215636822194
ERR14335635,59,34.76681636978352
ERR14335635,60,34.7093598546042
ERR14335635,61,34.68123042731589
ERR14335635,62,34.63325751832196
ERR14335635,63,34.62966521695155
ERR14335635,64,34.68353405525757
ERR14335635,65,34.65944303797468
ERR14335635,66,34.557705947917725
ERR14335635,67,34.58690252927163
ERR14335635,68,34.47508238276299
ERR14335635,69,34.48894523326572
ERR14335635,70,34.448828481590425
ERR14335635,71,34.338003858259725
ERR14335635,72,34.37587679170479
ERR14335635,73,34.32807570977918
ERR14335635,74,34.319769810552046
ERR14335635,75,34.32002854666871
ERR14335635,76,34.31565257306064
ERR14335635,77,34.35010974427033
ERR14335635,78,34.192663362795685
ERR14335635,79,34.229538367159144
ERR14335635,80,34.25244258018313
ERR14335635,81,34.2300998208344
ERR14335635,82,34.21876120702905
ERR14335635,83,34.14563256100062
ERR14335635,84,34.09204656171478
ERR14335635,85,34.1578407224959
ERR14335635,86,34.11716383426606
ERR14335635,87,34.04115078345749
ERR14335635,88,34.02355240152217
ERR14335635,89,34.00782174651366
ERR14335635,90,33.9871226949624
ERR14335635,91,34.025100505102564
ERR14335635,92,33.99066480994378
ERR14335635,93,33.98276129032258
ERR14335635,94,34.00315115197851
ERR14335635,95,33.956881397994
ERR14335635,96,33.9260793042758
ERR14335635,97,33.86071817192601
ERR14335635,98,33.86463085856491
ERR14335635,99,33.810005708651204
ERR14335635,100,33.79192433612223
ERR14335635,101,33.82469559787699
ERR14335635,102,33.8112372422412
ERR14335635,103,33.7577888923622
ERR14335635,104,33.77689097548252
ERR14335635,105,33.69247637445831
ERR14335635,106,33.68897946386581
ERR14335635,107,33.724343550580606
ERR14335635,108,33.69822981041165
ERR14335635,109,33.60508252554362
ERR14335635,110,33.5708818286673
ERR14335635,111,33.53472513638271
ERR14335635,112,33.48362548546237
ERR14335635,113,33.45704232748661
ERR14335635,114,33.4512451402753
ERR14335635,115,33.400988277348475
ERR14335635,116,33.360183090440366
ERR14335635,117,33.3306115998525
ERR14335635,118,33.301718684099534
ERR14335635,119,33.17141350210971
ERR14335635,120,33.26024070945946
ERR14335635,121,33.25571813427711
ERR14335635,122,33.150018507746815
ERR14335635,123,33.170864641761035
ERR14335635,124,33.01572426937738
ERR14335635,125,33.11486092715232
ERR14335635,126,32.97254465468808
ERR14335635,127,32.980532569488645
ERR14335635,128,32.88678343949044
ERR14335635,129,32.92789635765106
ERR14335635,130,32.7816104172203
ERR14335635,131,32.74001170399532
ERR14335635,132,32.725066524747206
ERR14335635,133,32.59899856176423
ERR14335635,134,32.36304985337243
ERR14335635,135,32.40934798847508
ERR14335635,136,32.36306854580397
ERR14335635,137,32.27161021476653
ERR14335635,138,32.216053011275584
ERR14335635,139,32.08747727515774
ERR14335635,140,31.980147688356166
ERR14335635,141,32.12804584158946
ERR14335635,142,31.903177409848364
ERR14335635,143,31.874631505601116
ERR14335635,144,31.88741686333405
ERR14335635,145,31.723832528180353
ERR14335635,146,31.538754901434174
ERR14335635,147,31.536977319144363
ERR14335635,148,31.55926445211389
ERR14335635,149,31.242830560420316
ERR14335635,150,31.339432648598883
ERR14335635,151,26.40015025269772
SRR33330896,1,39.1841
SRR33330896,2,39.459572978648936
SRR33330896,3,39.44504450445044
SRR33330896,4,39.553533029954494
SRR33330896,5,39.51607901975494
SRR33330896,6,39.581095273818455
SRR33330896,7,39.56907072121636
SRR33330896,8,39.562381190595296
SRR33330896,9,39.585972284756615
SRR33330896,10,39.53654509980489
SRR33330896,11,39.581548929357616
SRR33330896,12,39.56353812287372
SRR33330896,13,39.626375825495295
SRR33330896,14,39.62377426455873
SRR33330896,15,39.61817090254152
SRR33330896,16,39.67280368220933
SRR33330896,17,39.664198519111466
SRR33330896,18,39.636909527622095
SRR33330896,19,39.65232185748599
SRR33330896,20,39.665098588729855
SRR33330896,21,39.587125193973066
SRR33330896,22,39.654115762066894
SRR33330896,23,39.74335086401202
SRR33330896,24,39.70171394206675
SRR33330896,25,39.685055165496486
SRR33330896,26,39.5694130642165
SRR33330896,27,39.59791017783583
SRR33330896,28,39.607377996682914
SRR33330896,29,39.60426302030967
SRR33330896,30,39.57783588093323
SRR33330896,31,39.6330164478648
SRR33330896,32,39.5926298832058
SRR33330896,33,39.6111390875214
SRR33330896,34,39.599234334072136
SRR33330896,35,39.64717741935484
SRR33330896,36,39.64908742563275
SRR33330896,37,39.61266895299576
SRR33330896,38,39.583577120952285
SRR33330896,39,39.62619840548996
SRR33330896,40,39.62406622249142
SRR33330896,41,39.5875997172574
SRR33330896,42,39.622184058995856
SRR33330896,43,39.636418755052546
SRR33330896,44,39.63424989890821
SRR33330896,45,39.62094939588494
SRR33330896,46,39.66791384366468
SRR33330896,47,39.614058154235146
SRR33330896,48,39.642893272635305
SRR33330896,49,39.64385086254869
SRR33330896,50,39.63439445316059
SRR33330896,51,39.63695267021007
SRR33330896,52,39.62577836278034
SRR33330896,53,39.67166295321045
SRR33330896,54,39.6062186661265
SRR33330896,55,39.62236628849271
SRR33330896,56,39.583523331813346
SRR33330896,57,39.600932306445074
SRR33330896,58,39.608332066291624
SRR33330896,59,39.63442822384428
SRR33330896,60,39.651018959748555
SRR33330896,61,39.60129791117421
SRR33330896,62,39.58888550856911
SRR33330896,63,39.57591437122711
SRR33330896,64,39.5502334077532
SRR33330896,65,39.667428049337595
SRR33330896,66,39.62879480150269
SRR33330896,67,39.63481263328933
SRR33330896,68,39.63531084924827
SRR33330896,69,39.64537926129147
SRR33330896,70,39.65236836755438
SRR33330896,71,39.63122298499873
SRR33330896,72,39.66000305203723
SRR33330896,73,39.64646618836819
SRR33330896,74,39.65779428978574
SRR33330896,75,39.61451916713333
SRR33330896,76,39.60953253895509
SRR33330896,77,39.65770171149144
SRR33330896,78,39.62357375713121
SRR33330896,79,39.62282221090168
SRR33330896,80,39.587746572200416
SRR33330896,81,39.628371832135024
SRR33330896,82,39.60073446904009
SRR33330896,83,39.637383940414246
SRR33330896,84,39.64339661155338
SRR33330896,85,39.62882809309922
SRR33330896,86,39.638888888888886
SRR33330896,87,39.59144068229406
SRR33330896,88,39.62160780906628
SRR33330896,89,39.63281170093076
SRR33330896,90,39.615120978055145
SRR33330896,91,39.57274401473296
SRR33330896,92,39.562448812448814
SRR33330896,93,39.642696168817864
SRR33330896,94,39.61557377049181
SRR33330896,95,39.56074814245452
SRR33330896,96,39.57754421943091
SRR33330896,97,39.563125224439545
SRR33330896,98,39.56513704958423
SRR33330896,99,39.616700046217844
SRR33330896,100,39.57053323743964
SRR33330896,101,39.546328177193075
SRR33330896,102,39.60814563406356
SRR33330896,103,39.55057104640395
SRR33330896,104,39.612106238418775
SRR33330896,105,39.558462964870714
SRR33330896,106,39.588580851283105
SRR33330896,107,39.57918622041153
SRR33330896,108,39.531074320491
SRR33330896,109,39.56048491101367
SRR33330896,110,39.52937532266391
SRR33330896,111,39.524114427346895
SRR33330896,112,39.5250594192415
SRR33330896,113,39.55364895596444
SRR33330896,114,39.50954129389254
SRR33330896,115,39.51218502612925
SRR33330896,116,39.564623032311516
SRR33330896,117,39.4909543310352
SRR33330896,118,39.48913212636821
SRR33330896,119,39.53118346575271
SRR33330896,120,39.56913484021824
SRR33330896,121,39.49157478676929
SRR33330896,122,39.52418137331459
SRR33330896,123,39.47581317764804
SRR33330896,124,39.515651085141904
SRR33330896,125,39.54341809827163
SRR33330896,126,39.49202697757097
SRR33330896,127,39.52596314907873
SRR33330896,128,39.46230813557546
SRR33330896,129,39.478078456052025
SRR33330896,130,39.46052078958421
SRR33330896,131,39.471460107221695
SRR33330896,132,39.51686043453101
SRR33330896,133,39.44924940742692
SRR33330896,134,39.44890857323632
SRR33330896,135,39.49897026984211
SRR33330896,136,39.46186821910558
SRR33330896,137,39.43126556126503
SRR33330896,138,39.406825540045645
SRR33330896,139,39.432762836185816
SRR33330896,140,39.42574257425743
SRR33330896,141,39.463510848126234
SRR33330896,142,39.41533205210335
SRR33330896,143,39.410316780821915
SRR33330896,144,39.500723511442196
SRR33330896,145,39.459697327465925
SRR33330896,146,39.45348962254006
SRR33330896,147,39.43088116410671
SRR33330896,148,39.40674399784192
SRR33330896,149,39.38957038638206
SRR33330896,150,39.37587270660821
SRR33330896,151,38.939664986176616
SRR9681681,1,30.1114
SRR9681681,2,30.7958
SRR9681681,3,30.89525
SRR9681681,4,31.2417
SRR9681681,5,30.9439
SRR9681681,6,34.2361
SRR9681681,7,34.3542
SRR9681681,8,34.30665
SRR9681681,9,34.25175
SRR9681681,10,34.1121
SRR9681681,11,34.07985
SRR9681681,12,34.14705
SRR9681681,13,35.51505
SRR9681681,14,35.3
SRR9681681,15,34.8027
SRR9681681,16,35.35565
SRR9681681,17,35.2297
SRR9681681,18,34.8799
SRR9681681,19,35.4236
SRR9681681,20,34.95485
SRR9681681,21,34.6663
SRR9681681,22,35.074
SRR9681681,23,35.73245
SRR9681681,24,36.01685
SRR9681681,25,35.7506
SRR9681681,26,35.618
SRR9681681,27,35.97285
SRR9681681,28,35.92005
SRR9681681,29,36.0091
SRR9681681,30,35.72005
SRR9681681,31,35.5838
SRR9681681,32,35.76125
SRR9681681,33,35.49595
SRR9681681,34,35.3718
SRR9681681,35,35.51425
SRR9681681,36,35.46667672652281
SRR9681681,37,35.273692152917505
SRR9681681,38,35.49590019618693
SRR9681681,39,35.737964686352434
SRR9681681,40,35.83696362996127
SRR9681681,41,35.20277679963781
SRR9681681,42,35.63448865637105
SRR9681681,43,35.79199154887067
SRR9681681,44,35.34166708586951
SRR9681681,45,35.75144624981136
SRR9681681,46,35.47950098093465
SRR9681681,47,35.686453040897426
SRR9681681,48,35.57251370793299
SRR9681681,49,35.72728644732871
SRR9681681,50,35.83076768286548
SRR9681681,51,35.90149914478318
SRR9681681,52,35.85229902404669
SRR9681681,53,35.70555387865983
SRR9681681,54,35.503672401650064
SRR9681681,55,35.88203038535064
SRR9681681,56,35.671714630710404
SRR9681681,57,36.244817870798954
SRR9681681,58,35.80467924528302
SRR9681681,59,36.01625157232704
SRR9681681,60,35.76865408805031
SRR9681681,61,35.821132075471695
SRR9681681,62,36.24870414171406
SRR9681681,63,36.17514721425336
SRR9681681,64,35.86666331101827
SRR9681681,65,35.950772638042984
SRR9681681,66,35.974782302310366
SRR9681681,67,36.30163604329222
SRR9681681,68,36.01112565445026
SRR9681681,69,35.89906363270238
SRR9681681,70,35.89487463498137
SRR9681681,71,36.17407724457425
SRR9681681,72,36.20344532312497
SRR9681681,73,36.299400594368606
SRR9681681,74,36.21754898504005
SRR9681681,75,36.2697597098383
SRR9681681,76,35.914110120396955
SRR9681681,77,36.100609602498864
SRR9681681,78,36.04458662904932
SRR9681681,79,36.255756537511964
SRR9681681,80,36.11326648863808
SRR9681681,81,35.98730030741319
SRR9681681,82,36.041836786128336
SRR9681681,83,36.308634507787694
SRR9681681,84,36.44664011695317
SRR9681681,85,36.1988203861471
SRR9681681,86,36.13309805898664
SRR9681681,87,36.468861882910595
SRR9681681,88,36.45645267033133
SRR9681681,89,36.588650693568724
SRR9681681,90,36.515663623064114
SRR9681681,91,36.596932855773595
SRR9681681,92,36.41159259446098
SRR9681681,93,36.524948287170176
SRR9681681,94,36.61430950098391
SRR9681681,95,36.579611405500884
SRR9681681,96,36.39752712591471
SRR9681681,97,36.48902235905719
SRR9681681,98,36.30546721187339
SRR9681681,99,36.39612258292523
SRR9681681,100,36.39150633742362
SRR9681681,101,36.299530326751174
SRR9681681,102,36.36766860318262
SRR9681681,103,36.37966752564297
SRR9681681,104,36.23212571370825
SRR9681681,105,36.175721433264265
SRR9681681,106,36.30641654447085
SRR9681681,107,36.5408426483233
SRR9681681,108,36.325661389043454
SRR9681681,109,36.134378952694156
SRR9681681,110,36.06962505692456
SRR9681681,111,36.143876879461345
SRR9681681,112,36.3435775403777
SRR9681681,113,36.21021720419219
SRR9681681,114,36.24689794884781
SRR9681681,115,36.198450083573924
SRR9681681,116,36.310806018541975
SRR9681681,117,36.35846761933718
SRR9681681,118,36.26771773294129
SRR9681681,119,36.421196754563894
SRR9681681,120,36.55349898580122
SRR9681681,121,36.10467062224251
SRR9681681,122,36.19125627630979
SRR9681681,123,36.12839243139045
SRR9681681,124,36.33209882806555
SRR9681681,125,36.03826051656772
SRR9681681,126,36.185739659984776
SRR9681681,127,36.13236862147753
SRR9681681,128,36.30282870346859
SRR9681681,129,36.082710968856375
SRR9681681,130,36.06521628628069
SRR9681681,131,36.12715440540953
SRR9681681,132,36.0118514750763
SRR9681681,133,36.03947903947904
SRR9681681,134,36.124109505393854
SRR9681681,135,36.13865417896773
SRR9681681,136,35.959818700346304
SRR9681681,137,35.79959246051961
SRR9681681,138,35.84778842233999
SRR9681681,139,35.81416921508664
SRR9681681,140,35.900652462024674
SRR9681681,141,35.52614945458252
SRR9681681,142,35.78347099010911
SRR9681681,143,35.73824579296277
SRR9681681,144,35.867921640648916
SRR9681681,145,35.7890306122449
SRR9681681,146,35.91146285422517
SRR9681681,147,35.581846987274496
SRR9681681,148,35.814593240272025
SRR9681681,149,35.56939683838952
SRR9681681,150,35.42890776947487
SRR9681681,151,35.4997183387105
SRR9681681,152,35.39847312599272
SRR9681681,153,35.36137167461172
SRR9681681,154,34.92283238476132
SRR9681681,155,35.04775828460039
SRR9681681,156,34.93401067323481
SRR9681681,157,34.76601971657424
SRR9681681,158,34.878113924700806
SRR9681681,159,34.74014898535834
SRR9681681,160,34.46146331430922
SRR9681681,161,34.56440739025269
SRR9681681,162,34.434487021013595
SRR9681681,163,34.221586810922204
SRR9681681,164,33.98499845344881
SRR9681681,165,33.85719443011862
SRR9681681,166,33.88654898317333
SRR9681681,167,34.31919838851299
SRR9681681,168,33.70833548653816
SRR9681681,169,33.752947259565666
SRR9681681,170,33.80265949190252
SRR9681681,171,33.84313218093365
SRR9681681,172,33.36437079233558
SRR9681681,173,33.48937273198548
SRR9681681,174,33.410623508662724
SRR9681681,175,33.29517384535548
SRR9681681,176,33.27442222799273
SRR9681681,177,32.97603576441233
SRR9681681,178,33.19672301690507
SRR9681681,179,33.39864618588909
SRR9681681,180,33.15940366972477
SRR9681681,181,32.774026922675574
SRR9681681,182,32.72601023284953
SRR9681681,183,32.62609059087822
SRR9681681,184,32.29767879548306
SRR9681681,185,32.10680474920236
SRR9681681,186,32.18228457753115
SRR9681681,187,32.42778563570643
SRR9681681,188,32.01960784313726
SRR9681681,189,32.14216741012857
SRR9681681,190,32.1196177273682
SRR9681681,191,32.315634528440754
SRR9681681,192,31.684396043771045
SRR9681681,193,31.565636354062452
SRR9681681,194,31.436205533596837
SRR9681681,195,31.514926160337552
SRR9681681,196,31.63996832101373
SRR9681681,197,31.272208725044894
SRR9681681,198,31.379071489001692
SRR9681681,199,31.074855842987887
SRR9681681,200,31.18101440067768
SRR9681681,201,30.813579985158487
SRR9681681,202,30.955509598048575
SRR9681681,203,30.714270551398396
SRR9681681,204,30.646024749057304
SRR9681681,205,30.873078355231662
SRR9681681,206,30.505191416857464
SRR9681681,207,30.258451530340196
SRR9681681,208,29.965566944266495
SRR9681681,209,30.382140757761984
SRR9681681,210,30.186496897068263
SRR9681681,211,29.63360291360934
SRR9681681,212,29.728253286825865
SRR9681681,213,29.43891427035743
SRR9681681,214,29.631610091989888
SRR9681681,215,29.51076658053402
SRR9681681,216,29.415835713900716
SRR9681681,217,29.456405549856935
SRR9681681,218,29.32189003622209
SRR9681681,219,29.251136117723437
SRR9681681,220,28.907249986463803
SRR9681681,221,29.05504338394794
SRR9681681,222,29.268996960486323
SRR9681681,223,28.83446514912805
SRR9681681,224,28.91141100288404
SRR9681681,225,28.895485770363102
SRR9681681,226,28.381025165129103
SRR9681681,227,28.655886369844303
SRR9681681,228,28.463410632246774
SRR9681681,229,28.32175152079794
SRR9681681,230,28.100290937036835
SRR9681681,231,28.244438341115078
SRR9681681,232,27.56423658872077
SRR9681681,233,27.361868561670246
SRR9681681,234,27.390908589397032
SRR9681681,235,27.33635259030156
SRR9681681,236,27.790000553066754
SRR9681681,237,27.758311170212767
SRR9681681,238,27.79220562926775
SRR9681681,239,27.45413584024031
SRR9681681,240,27.679471454058877
SRR9681681,241,27.595719713902547
SRR9681681,242,27.237239758227
SRR9681681,243,26.689948988171984
SRR9681681,244,26.770330902972518
SRR9681681,245,26.798517520215633
SRR9681681,246,26.768845634563455
SRR9681681,247,26.80586245772266
SRR9681681,248,26.86809694080254
SRR9681681,249,26.752791255041796
SRR9681681,250,26.81543502002184
SRR9681681,251,21.03510895883777
