run,gc_mid,count
ERR14335636,0.025,0
ERR14335636,0.07500000000000001,0
ERR14335636,0.125,3
ERR14335636,0.17500000000000002,70
ERR14335636,0.225,705
ERR14335636,0.275,3565
ERR14335636,0.32500000000000007,8421
ERR14335636,0.375,5572
ERR14335636,0.42500000000000004,1031
ERR14335636,0.475,378
ERR14335636,0.525,193
ERR14335636,0.5750000000000001,52
ERR14335636,0.625,0
ERR14335636,0.675,0
ERR14335636,0.7250000000000001,0
ERR14335636,0.775,0
ERR14335636,0.8250000000000001,1
ERR14335636,0.875,0
ERR14335636,0.925,2
ERR14335636,0.9750000000000001,7
ERR14335635,0.025,0
ERR14335635,0.07500000000000001,0
ERR14335635,0.125,34
ERR14335635,0.17500000000000002,342
ERR14335635,0.225,1519
ERR14335635,0.275,4857
ERR14335635,0.32500000000000007,6736
ERR14335635,0.375,5020
ERR14335635,0.42500000000000004,950
ERR14335635,0.475,311
ERR14335635,0.525,164
ERR14335635,0.5750000000000001,52
ERR14335635,0.625,2
ERR14335635,0.675,0
ERR14335635,0.7250000000000001,2
ERR14335635,0.775,0
ERR14335635,0.8250000000000001,1
ERR14335635,0.875,1
ERR14335635,0.925,3
ERR14335635,0.9750000000000001,6
SRR33330896,0.025,7
SRR33330896,0.07500000000000001,134
SRR33330896,0.125,425
SRR33330896,0.17500000000000002,969
SRR33330896,0.225,1564
SRR33330896,0.275,3383
SRR33330896,0.32500000000000007,4240
SRR33330896,0.375,4404
SRR33330896,0.42500000000000004,2634
SRR33330896,0.475,1343
SRR33330896,0.525,563
SRR33330896,0.5750000000000001,183
SRR33330896,0.625,55
SRR33330896,0.675,36
SRR33330896,0.7250000000000001,20
SRR33330896,0.775,12
SRR33330896,0.8250000000000001,2
SRR33330896,0.875,0
SRR33330896,0.925,0
SRR33330896,0.9750000000000001,26
SRR9681681,0.025,110
SRR9681681,0.07500000000000001,4
SRR9681681,0.125,19
SRR9681681,0.17500000000000002,554
SRR9681681,0.225,3665
SRR9681681,0.275,8272
SRR9681681,0.32500000000000007,5534
SRR9681681,0.375,1386
SRR9681681,0.42500000000000004,227
SRR9681681,0.475,123
SRR9681681,0.525,76
SRR9681681,0.5750000000000001,22
SRR9681681,0.625,3
SRR9681681,0.675,2
SRR9681681,0.7250000000000001,1
SRR9681681,0.775,2
SRR9681681,0.8250000000000001,0
SRR9681681,0.875,0
SRR9681681,0.925,0
SRR9681681,0.9750000000000001,0
DRR504716,0.025,0
DRR504716,0.07500000000000001,0
DRR504716,0.125,1
DRR504716,0.17500000000000002,137
DRR504716,0.225,1168
DRR504716,0.275,605
DRR504716,0.32500000000000007,71
DRR504716,0.375,6
DRR504716,0.42500000000000004,1
DRR504716,0.475,5
DRR504716,0.525,1
DRR504716,0.5750000000000001,1
DRR504716,0.625,0
DRR504716,0.675,3
DRR504716,0.7250000000000001,0
DRR504716,0.775,0
DRR504716,0.8250000000000001,0
DRR504716,0.875,1
DRR504716,0.925,0
DRR504716,0.9750000000000001,0
SRR6082028,0.025,0
SRR6082028,0.07500000000000001,0
SRR6082028,0.125,0
SRR6082028,0.17500000000000002,1
SRR6082028,0.225,0
SRR6082028,0.275,610
SRR6082028,0.32500000000000007,990
SRR6082028,0.375,215
SRR6082028,0.42500000000000004,94
SRR6082028,0.475,37
SRR6082028,0.525,39
SRR6082028,0.5750000000000001,12
SRR6082028,0.625,2
SRR6082028,0.675,0
SRR6082028,0.7250000000000001,0
SRR6082028,0.775,0
SRR6082028,0.8250000000000001,0
SRR6082028,0.875,0
SRR6082028,0.925,0
SRR6082028,0.9750000000000001,0
SRR28122442,0.025,0
SRR28122442,0.07500000000000001,0
SRR28122442,0.125,1
SRR28122442,0.17500000000000002,15
SRR28122442,0.225,82
SRR28122442,0.275,273
SRR28122442,0.32500000000000007,778
SRR28122442,0.375,701
SRR28122442,0.42500000000000004,89
SRR28122442,0.475,34
SRR28122442,0.525,11
SRR28122442,0.5750000000000001,15
SRR28122442,0.625,1
SRR28122442,0.675,0
SRR28122442,0.7250000000000001,0
SRR28122442,0.775,0
SRR28122442,0.8250000000000001,0
SRR28122442,0.875,0
SRR28122442,0.925,0
SRR28122442,0.9750000000000001,0
