accession,contig,category,start,end,length,identity,coverage,source,score,status,gc_delta
GCA_034005025.1,JAVEVN010000010.1,Adapter,14257,14277,14278,1.0,0.0014707942288835,TruSeq,4,technical_match,0.0052469018724561
GCA_017626915.1,JAGAHS010000081.1,Adapter,3,23,2166,1.0,0.0096952908587257,TruSeq,4,technical_match,0.0283197435881488
GCA_948686545.1,CAPQLC010000036.1,Adapter,13002,13022,13022,1.0,0.0016126555060666,TruSeq,4,technical_match,0.0113681950292457
GCA_949510105.1,CATCGY010000002.1,Adapter,23552,23572,23577,1.0,0.000890698562158,TruSeq,4,technical_match,0.0039771029376042
GCA_964229415.1,CAXRDO010000023.1,Adapter,16,36,3053,1.0,0.0068784801834261,TruSeq_R2,4,technical_match,0.0012905057151763
GCA_948817715.1,CAQJWB010000010.1,Adapter,28,48,19290,1.0,0.0010886469673405,TruSeq_R2,4,technical_match,0.0212681683712105
GCA_949088425.1,CARWHL010000001.1,Adapter,78259,78279,139320,1.0,0.0001507321274763,TruSeq,4,technical_match,0.014601416463824
GCA_948675265.1,CAPOUD010000002.1,Adapter,7,27,36057,1.0,0.0005824111822947,TruSeq_R2,4,technical_match,0.0020760176866252
GCA_023254895.1,JALRKH010000127.1,Adapter,4090,4110,4129,1.0,0.0050859772341971,TruSeq,4,technical_match,0.0128599636932058
GCA_948542405.1,CAOVCS010000002.1,Adapter,12,32,10959,1.0,0.0019162332329592,TruSeq_R2,4,technical_match,0.0020724237597812
GCA_061231925.1,JCDNBQ010000835.1,Adapter,6,26,228,1.0,0.0921052631578947,TruSeq,4,technical_match,0.0295185413263053
GCA_949050345.1,CARQQB010000010.1,Adapter,7507,7527,51417,1.0,0.0004084252290098,TruSeq,4,technical_match,0.0135578642833869
GCA_949499605.1,CATASX010000003.1,Adapter,110537,110557,110568,1.0,0.0001899283698719,TruSeq,4,technical_match,0.0085656170974997
GCA_948790595.1,CAQFVP010000005.1,Adapter,26,46,8982,1.0,0.0023380093520374,TruSeq,4,technical_match,0.0479408387130251
GCA_946497225.1,CAMMJS010000037.1,Adapter,30,49,4770,1.0,0.0041928721174004,BGI,4,technical_match,0.0288474533003939
GCA_948751235.1,CAPZZR010000230.1,Adapter,1627,1647,1666,1.0,0.0126050420168067,TruSeq,4,technical_match,0.00984801266515
GCA_949744565.1,CATJXR010000007.1,Adapter,1283,1301,1400,1.0,0.0135714285714285,Nextera,4,technical_match,0.0037781872359577
GCA_028685975.1,JAQUCY010000044.1,Adapter,2,22,9061,1.0,0.0023176249862046,TruSeq_R2,4,technical_match,0.0039945119845907
GCA_937981625.1,CALJOR010000003.1,Adapter,9,29,37709,1.0,0.0005568962316688,TruSeq_R2,4,technical_match,0.0021937820989387
GCA_948584375.1,CAPBIA010000030.1,Adapter,18926,18946,18952,1.0,0.0011080624736175,TruSeq_R2,4,technical_match,0.0068401497099224
GCA_900489805.1,LS483516.1,Vector,25491,25766,1076320,0.9963768115942028,0.0002564293147019,gnl|uv|J01636.1:1-7477,-2,vector_match_needs_review,1.1028310903660188e-06
GCA_900489575.1,LS483501.1,Vector,31569,34624,1084063,0.9986902423051736,0.0028190243555955,gnl|uv|J01636.1:1-7477,-2,vector_match_needs_review,5.3822426461347384e-05
GCA_900489595.1,LS483510.1,Vector,31569,34624,1075685,0.9986902423051736,0.0028409803985367,gnl|uv|J01636.1:1-7477,-2,vector_match_needs_review,9.334257821350112e-05
GCA_900489795.1,LS483514.1,Vector,31436,34491,1085503,0.9986910994764396,0.0028152847113273,gnl|uv|J01636.1:1-7477,-2,vector_match_needs_review,3.789684827573691e-05
GCA_900489765.1,LS483517.1,Vector,31569,34624,1079265,0.9986910994764396,0.0028315566612463,gnl|uv|J01636.1:1-7477,-2,vector_match_needs_review,1.5510985978406389e-06
GCA_902480755.1,CABSTY010000007.1,Vector,74,945,46604,1.0,0.0187108402712213,gnl|uv|U09365.1:1592-3128,1,vector_match_needs_review,0.0215460837411171
GCA_001267815.1,CP012387.1,Vector,31569,34624,1085764,0.9986910994764396,0.002814607962688,gnl|uv|J01636.1:1-7477,-2,vector_match_needs_review,0.0
GCA_010587305.1,CP047437.1,Vector,1109025,1109346,1742208,0.9968944099378882,0.0001848229373301,gnl|uv|GU593054.1:6136-8806,-2,vector_match_needs_review,0.0014023434886601
GCA_010587055.1,CP046368.1,Vector,1092688,1093008,1731112,0.9937888198757764,0.0001854299432965,gnl|uv|GU593054.1:6136-8806,-2,vector_match_needs_review,0.0004763502537984
GCA_000428705.1,AUAL01000001.1,Vector,2749,3465,193864,0.9748953974895398,0.0036984690298353,gnl|uv|GU593054.1:6136-8806,-3,vector_match_needs_review,0.0116849303557818
GCA_013389495.1,JACAOE010000004.1,Foreign,1,2885,2885,0.9923769923769924,1.0,GCF_000005845.2|Escherichia_coli|NC_000913.3,4,suspect_contamination,0.2151328634148889
GCA_937885255.1,CALAAF010000019.1,Foreign,1,16354,16354,1.0,1.0,NC_005089.1|Mus_musculus_mitochondrion|NC_005089.1,3,suspect_contamination,0.019929521764643
GCA_949083825.1,CARVPV010000123.1,Foreign,1,2163,2163,1.0,1.0,NC_005089.1|Mus_musculus_mitochondrion|NC_005089.1,3,suspect_contamination,0.057272115753244
